ID,Target
0,10.767879286651349
1,30.402468691517804
2,9.531742457642915
3,22.523277075292064
4,18.130662114608892
5,17.68392097911714
6,17.68392097911714
7,19.2865767760602
8,20.496411921665494
9,30.402468691517804
10,19.490989419922727
11,29.982573479356372
12,51.38919230256393
13,19.447731908430335
14,16.52800631766583
15,18.411213894940076
16,10.291573703509707
17,40.969455830249
18,17.927004583129715
19,51.94281474481255
20,24.60912210273083
21,29.982573479356372
22,25.72338123126767
23,26.277003673516298
24,10.767879286651349
25,19.2865767760602
26,26.277003673516298
27,27.158857008350438
28,20.85925397417598
29,13.305764485131819
30,17.029369792277077
31,26.703984956749032
32,16.280823357190688
33,17.590805218184638
34,26.974363997703964
35,35.57251111555816
36,51.38919230256393
37,26.85404657362683
38,38.6573182797061
39,10.767879286651349
40,17.88347915413375
41,23.3758132033776
42,18.87628033130745
43,25.72338123126767
44,25.34112256621698
45,19.2865767760602
46,30.402468691517804
47,17.261272086879977
48,31.9333660443566
49,17.965933161830108
50,18.291817246979026
51,36.28814000062684
52,29.982573479356372
53,29.848846249269187
54,17.68392097911714
55,19.2865767760602
56,29.982573479356372
57,51.94281474481255
58,17.68392097911714
59,16.52800631766583
60,29.848846249269187
61,16.7634744381157
62,19.2865767760602
63,28.000942955635082
64,10.416453731646502
65,25.72338123126767
66,51.38919230256393
67,23.458194656185547
68,23.584839223017266
69,22.016966103425204
70,10.291573703509707
71,17.029369792277077
72,26.277003673516298
73,17.68392097911714
74,20.56757979136259
75,14.824810113945833
76,20.861051441973895
77,25.72338123126767
78,17.68392097911714
79,51.94281474481255
80,18.291817246979026
81,51.94281474481255
82,16.52800631766583
83,19.2865767760602
84,18.580653405633818
85,26.277003673516298
86,17.807473517716325
87,11.787112012570345
88,16.52800631766583
89,25.85710846135485
90,31.181297435803458
91,29.848846249269187
92,30.402468691517804
93,16.605605856516274
94,19.2865767760602
95,18.130662114608892
96,17.888333622979665
97,18.863927883823038
98,10.767879286651349
99,31.9333660443566
100,25.72338123126767
101,29.848846249269187
102,19.2865767760602
103,19.490989419922727
104,26.096282051326597
105,17.981575856949245
106,25.72338123126767
107,25.72338123126767
108,33.33010167285362
109,16.605605856516274
110,26.568190712476536
111,25.72338123126767
112,34.07820274517936
113,19.2865767760602
114,51.38919230256393
115,16.788354513553642
116,25.89474500846561
117,60.08714346469063
118,25.85710846135485
119,10.416453731646502
120,25.72338123126767
121,18.47646658037896
122,22.016966103425204
123,23.3758132033776
124,18.79318072159027
125,29.848846249269187
126,21.674805918020237
127,30.402468691517804
128,19.2865767760602
129,53.56141651731305
130,23.458194656185547
131,19.65779587989141
132,31.181297435803458
133,17.029369792277077
134,10.767879286651349
135,19.253998799734827
136,17.029369792277077
137,16.605605856516274
138,17.998241778206005
139,17.68392097911714
140,18.863927883823038
141,17.029369792277077
142,31.97831855681635
143,17.68392097911714
144,30.402468691517804
145,18.272053936516436
146,16.52800631766583
147,29.848846249269187
148,9.494309836406098
149,19.2865767760602
150,26.202621482137786
151,16.52800631766583
152,20.861051441973895
153,10.767879286651349
154,17.68392097911714
155,18.29361342417586
156,26.202621482137786
157,10.416453731646502
158,22.523277075292064
159,29.848846249269187
160,10.767879286651349
161,34.07820274517936
162,27.681176709410565
163,40.969455830249
164,17.029369792277077
165,26.202621482137786
166,9.494309836406098
167,17.68392097911714
168,31.71839866473109
169,18.272053936516436
170,16.52800631766583
171,18.863927883823038
172,26.202621482137786
173,30.402468691517804
174,23.3758132033776
175,16.134881315673997
176,20.62335576047684
177,19.2865767760602
178,17.88347915413375
179,19.2865767760602
180,106.0799827921426
181,18.686217095682814
182,10.416453731646502
183,25.72338123126767
184,19.2865767760602
185,12.804401010520573
186,24.60912210273083
187,26.277003673516298
188,26.202621482137786
189,51.38919230256393
190,16.7634744381157
191,16.52800631766583
192,18.52629941435553
193,17.888333622979665
194,17.68392097911714
195,17.10696933112752
196,19.2865767760602
197,19.447731908430335
198,22.523277075292064
199,30.402468691517804
200,26.277003673516298
201,23.61200126323273
202,22.016966103425204
203,28.182701572626712
204,17.68392097911714
205,20.827768404339366
206,16.605605856516274
207,18.272053936516436
208,17.029369792277077
209,18.04856049942554
210,31.181297435803458
211,19.2865767760602
212,17.68392097911714
213,25.89474500846561
214,18.04856049942554
215,10.416453731646502
216,81.8575416866326
217,28.956350000126257
218,12.804401010520573
219,10.918635239609403
220,29.982573479356372
221,35.01160376654479
222,16.145891003942445
223,17.096953982671025
224,19.253998799734827
225,22.523277075292064
226,17.88347915413375
227,14.032006346474917
228,22.509949530138822
229,25.34112256621698
230,17.998241778206005
231,23.3758132033776
232,29.848846249269187
233,10.767879286651349
234,18.863927883823038
235,30.402468691517804
236,19.2865767760602
237,25.72338123126767
238,18.291817246979026
239,36.38339544736437
240,20.99457486430805
241,30.402468691517804
242,20.174454789370756
243,26.105489317710607
244,19.447731908430335
245,17.029369792277077
246,30.402468691517804
247,19.2865767760602
248,19.490989419922727
249,15.410125981168218
250,22.016966103425204
251,10.767879286651349
252,10.291573703509707
253,19.931375628717237
254,29.848846249269187
255,30.402468691517804
256,19.2865767760602
257,61.195680311774424
258,18.272053936516436
259,31.181297435803458
260,25.34112256621698
261,70.66447690694784
262,28.23351308962213
263,26.202621482137786
264,25.34112256621698
265,19.2865767760602
266,22.523277075292064
267,23.448896514761987
268,23.486473026058402
269,8.84574280831911
270,26.277003673516298
271,17.88347915413375
272,17.029369792277077
273,18.87628033130745
274,27.292584238437627
275,32.54584584958546
276,61.29055270936935
277,10.767879286651349
278,26.606852792321853
279,16.52800631766583
280,6.500956047627678
281,18.924530110677264
282,25.72338123126767
283,44.69703096127453
284,7.5297788870019895
285,12.804401010520573
286,26.202621482137786
287,20.496411921665494
288,18.130662114608892
289,10.767879286651349
290,26.690506105292616
291,17.888333622979665
292,-2.7840929218839365
293,18.87628033130745
294,18.272053936516436
295,18.291817246979026
296,19.2865767760602
297,15.261301080182143
298,18.863927883823038
299,16.077953932765794
300,28.736324014875336
301,19.253998799734827
302,31.9333660443566
303,36.28814000062684
304,23.3758132033776
305,38.6573182797061
306,38.6573182797061
307,16.52800631766583
308,18.130662114608892
309,12.804401010520573
310,19.65779587989141
311,26.277003673516298
312,30.402468691517804
313,19.65779587989141
314,19.2865767760602
315,11.721998545741354
316,30.815971123294133
317,9.494309836406098
318,32.75025849344799
319,30.402468691517804
320,17.68392097911714
321,19.2865767760602
322,25.72338123126767
323,25.34112256621698
324,17.029369792277077
325,36.066890053363174
326,25.72338123126767
327,62.59254664497516
328,19.2865767760602
329,27.7447428204473
330,22.016966103425204
331,25.72338123126767
332,19.2865767760602
333,17.68392097911714
334,15.261301080182143
335,51.38919230256393
336,27.261403979161923
337,17.029369792277077
338,17.029369792277077
339,17.68392097911714
340,18.272053936516436
341,16.52800631766583
342,18.272053936516436
343,26.202621482137786
344,20.861051441973895
345,62.59254664497516
346,19.2865767760602
347,22.523277075292064
348,25.72338123126767
349,33.33010167285362
350,25.72338123126767
351,22.523277075292064
352,28.182701572626712
353,16.613384701972368
354,19.447731908430335
355,23.19351821139597
356,25.72338123126767
357,24.60912210273083
358,29.848846249269187
359,12.083579055521733
360,16.134881315673997
361,27.292584238437627
362,17.029369792277077
363,20.63138637742536
364,31.317498398877333
365,30.815971123294133
366,17.88347915413375
367,14.032006346474917
368,19.490989419922727
369,69.98869558647546
370,17.261272086879977
371,17.56185516506248
372,17.68392097911714
373,18.863927883823038
374,12.804401010520573
375,29.848846249269187
376,18.863927883823038
377,9.494309836406098
378,20.827768404339366
379,20.861051441973895
380,17.849405044279273
381,19.2865767760602
382,16.868147084888143
383,22.58791738853643
384,11.577609984816515
385,10.291573703509707
386,18.04856049942554
387,32.75025849344799
388,25.72338123126767
389,25.72338123126767
390,19.2865767760602
391,16.134881315673997
392,27.712479450599066
393,31.300145096789993
394,18.580653405633818
395,10.918635239609403
396,22.56645667529628
397,17.261272086879977
398,17.68392097911714
399,18.918504628135228
400,17.90497787952126
401,9.494309836406098
402,18.863927883823038
403,24.60912210273083
404,24.638342803229158
405,20.85925397417598
406,51.94281474481255
407,19.447731908430335
408,30.402468691517804
409,9.569098419072718
410,20.496411921665494
411,19.2865767760602
412,19.2865767760602
413,16.134881315673997
414,20.62335576047684
415,24.60912210273083
416,15.410125981168218
417,18.291817246979026
418,27.261403979161923
419,31.181297435803458
420,17.261272086879977
421,21.41722375654522
422,34.45798132429616
423,18.863927883823038
424,31.181297435803458
425,51.94281474481255
426,10.416453731646502
427,15.410125981168218
428,30.815971123294133
429,31.300145096789993
430,22.13165364147233
431,17.68392097911714
432,26.202621482137786
433,19.447731908430335
434,10.93845487884757
435,20.827768404339366
436,18.272053936516436
437,19.2865767760602
438,20.56757979136259
439,34.301182307084616
440,16.613384701972368
441,81.8575416866326
442,19.490989419922727
443,13.537666779734721
444,17.888333622979665
445,19.65779587989141
446,19.2865767760602
447,17.029369792277077
448,58.98071484160362
449,30.402468691517804
450,26.202621482137786
451,16.134881315673997
452,18.47646658037896
453,30.815971123294133
454,21.430643921635053
455,17.888333622979665
456,10.416453731646502
457,30.145062791407362
458,17.68392097911714
459,17.68392097911714
460,18.272053936516436
461,17.68392097911714
462,19.447731908430335
463,16.2751039290662
464,18.924530110677264
465,17.33887162573042
466,72.437703737161
467,17.029369792277077
468,29.848846249269187
469,19.2865767760602
470,30.402468691517804
471,51.94281474481255
472,29.848846249269187
473,16.868147084888143
474,24.60912210273083
475,45.026556306087286
476,29.848846249269187
477,17.888333622979665
478,20.827768404339366
479,25.34112256621698
480,22.588006517789903
481,24.60912210273083
482,22.13165364147233
483,10.767879286651349
484,30.402468691517804
485,18.660897749745224
486,17.802877353097408
487,10.291573703509707
488,18.04856049942554
489,75.4034231426163
490,19.490989419922727
491,22.523277075292064
492,16.52800631766583
493,21.21887727207257
494,19.2865767760602
495,30.402468691517804
496,30.815971123294133
497,16.7634744381157
498,22.523277075292064
499,17.290795977125306
500,15.79902266094795
501,17.68392097911714
502,17.029369792277077
503,19.2865767760602
504,16.52800631766583
505,28.253217982631625
506,19.447731908430335
507,29.982573479356372
508,30.402468691517804
509,25.34112256621698
510,18.580653405633818
511,12.804401010520573
512,29.848846249269187
513,17.83947569544092
514,16.42635996721778
515,18.130662114608892
516,18.04856049942554
517,30.402468691517804
518,29.848846249269187
519,30.402468691517804
520,26.277003673516298
521,9.494309836406098
522,17.68392097911714
523,16.134881315673997
524,17.029369792277077
525,27.261403979161923
526,19.490989419922727
527,30.402468691517804
528,18.272053936516436
529,29.982573479356372
530,18.924530110677264
531,29.848846249269187
532,21.674805918020237
533,14.032006346474917
534,17.68392097911714
535,22.22137874728773
536,18.47646658037896
537,20.261309095093903
538,18.272053936516436
539,23.3758132033776
540,30.402468691517804
541,12.804401010520573
542,36.28814000062684
543,17.888333622979665
544,17.802877353097408
545,51.38919230256393
546,49.43378615479495
547,62.4087013674783
548,38.6573182797061
549,26.039337587124916
550,15.243604058943673
551,25.72338123126767
552,23.19351821139597
553,10.416453731646502
554,18.272053936516436
555,17.88347915413375
556,19.2865767760602
557,25.85710846135485
558,30.402468691517804
559,27.158857008350438
560,10.767879286651349
561,36.184185979493044
562,18.272053936516436
563,18.130662114608892
564,17.029369792277077
565,16.134881315673997
566,16.605605856516274
567,19.447731908430335
568,17.68392097911714
569,16.613384701972368
570,20.44508429243698
571,36.9322870518188
572,38.6573182797061
573,22.13165364147233
574,17.68392097911714
575,29.848846249269187
576,18.130662114608892
577,9.494309836406098
578,19.2865767760602
579,18.863927883823038
580,51.38919230256393
581,19.2865767760602
582,10.416453731646502
583,18.291817246979026
584,29.053432979991822
585,19.490989419922727
586,34.45798132429616
587,25.89474500846561
588,10.416453731646502
589,26.202621482137786
590,17.90497787952126
591,36.125491173404015
592,17.590805218184638
593,29.711306661370344
594,51.38919230256393
595,22.13165364147233
596,32.54584584958546
597,19.65779587989141
598,19.2865767760602
599,26.096282051326597
600,17.19373881391557
601,19.2865767760602
602,34.07820274517936
603,10.416453731646502
604,26.202621482137786
605,17.029369792277077
606,30.815971123294133
607,27.158857008350438
608,19.002129649527706
609,18.863927883823038
610,11.721998545741354
611,31.9333660443566
612,9.494309836406098
613,34.45798132429616
614,15.410125981168218
615,19.65779587989141
616,51.38919230256393
617,32.64641165845708
618,17.88347915413375
619,31.300145096789993
620,13.537666779734721
621,16.7634744381157
622,31.181297435803458
623,30.402468691517804
624,18.130662114608892
625,34.07820274517936
626,30.402468691517804
627,18.098084138283518
628,22.331390720675785
629,18.863927883823038
630,42.237259831423884
631,18.272053936516436
632,19.2865767760602
633,16.723014273073293
634,17.418291780264035
635,17.029369792277077
636,9.494309836406098
637,30.402468691517804
638,25.201350345944956
639,10.918635239609403
640,16.52800631766583
641,26.064946146358192
642,17.927004583129715
643,31.181297435803458
644,30.402468691517804
645,27.712479450599066
646,10.291573703509707
647,24.60912210273083
648,33.33010167285362
649,20.56757979136259
650,16.52800631766583
651,18.130662114608892
652,19.842131757134123
653,17.88347915413375
654,31.9333660443566
655,22.56645667529628
656,17.029369792277077
657,17.68392097911714
658,16.7634744381157
659,19.2865767760602
660,21.600516848912026
661,17.68392097911714
662,26.096282051326597
663,14.283755352891829
664,18.130662114608892
665,17.88347915413375
666,51.522919532651116
667,10.85244410975178
668,17.029369792277077
669,31.181297435803458
670,16.42635996721778
671,41.35767229904887
672,17.88347915413375
673,17.49520862098783
674,35.01160376654479
675,22.016966103425204
676,16.7634744381157
677,22.523277075292064
678,23.3758132033776
679,28.182701572626712
680,22.016966103425204
681,22.182936837282554
682,17.888333622979665
683,17.029369792277077
684,19.65779587989141
685,19.289169630985665
686,33.33010167285362
687,25.72338123126767
688,36.28814000062684
689,17.68392097911714
690,18.04856049942554
691,51.522919532651116
692,22.56645667529628
693,51.94281474481255
694,21.652326583116803
695,19.2865767760602
696,34.45798132429616
697,18.924530110677264
698,32.54584584958546
699,27.158857008350438
700,30.402468691517804
701,30.361484233368397
702,27.292584238437627
703,19.490989419922727
704,17.68392097911714
705,13.960315671971893
706,25.72338123126767
707,10.416453731646502
708,17.029369792277077
709,22.56645667529628
710,67.13630122011138
711,16.868147084888143
712,26.096282051326597
713,25.34112256621698
714,18.863927883823038
715,25.85710846135485
716,17.261272086879977
717,26.064946146358192
718,27.261403979161923
719,19.447731908430335
720,54.30951758963879
721,30.402468691517804
722,26.277003673516298
723,17.68392097911714
724,32.54584584958546
725,16.52800631766583
726,34.45798132429616
727,22.22137874728773
728,13.305764485131819
729,22.182936837282554
730,48.385740092498445
731,13.305764485131819
732,12.804401010520573
733,31.9333660443566
734,20.56757979136259
735,25.34112256621698
736,17.029369792277077
737,25.34112256621698
738,17.33887162573042
739,12.804401010520573
740,18.863927883823038
741,30.402468691517804
742,31.181297435803458
743,26.277003673516298
744,10.291573703509707
745,28.182701572626712
746,10.767879286651349
747,17.965933161830108
748,52.35631717658888
749,17.68392097911714
750,17.888333622979665
751,22.331390720675785
752,29.982573479356372
753,19.2865767760602
754,19.46744109902553
755,30.402468691517804
756,28.000942955635082
757,17.888333622979665
758,14.116176903507982
759,25.72338123126767
760,18.130662114608892
761,17.10696933112752
762,32.56456840670727
763,20.62335576047684
764,27.261403979161923
765,18.863927883823038
766,19.2865767760602
767,10.918635239609403
768,22.13165364147233
769,34.07820274517936
770,23.19351821139597
771,62.59254664497516
772,16.87615504014695
773,26.039337587124916
774,17.261272086879977
775,25.72338123126767
776,17.029369792277077
777,30.402468691517804
778,17.33887162573042
779,18.863927883823038
780,27.292584238437627
781,32.54584584958546
782,51.94281474481255
783,201.49054989341715
784,23.65983194428922
785,10.416453731646502
786,26.202621482137786
787,20.496411921665494
788,17.33887162573042
789,18.712421697201023
790,14.032006346474917
791,19.2865767760602
792,12.804401010520573
793,33.33010167285362
794,28.182701572626712
795,25.34112256621698
796,16.868147084888143
797,16.868147084888143
798,27.49785295281741
799,26.606852792321853
800,15.261301080182143
801,59.77122556452967
802,17.029369792277077
803,30.815971123294133
804,32.47463787663415
805,19.95655502524124
806,51.94281474481255
807,32.54584584958546
808,30.402468691517804
809,10.291573703509707
810,17.68392097911714
811,17.68392097911714
812,17.029369792277077
813,54.30951758963879
814,30.402468691517804
815,17.029369792277077
816,20.56757979136259
817,10.767879286651349
818,17.029369792277077
819,29.848846249269187
820,16.7634744381157
821,32.54584584958546
822,18.272053936516436
823,27.868873569313728
824,14.032006346474917
825,26.77260335633906
826,16.576282378640872
827,30.361484233368397
828,34.07820274517936
829,17.761520517967583
830,32.52249953811724
831,17.144064082692886
832,33.33010167285362
833,18.272053936516436
834,31.181297435803458
835,11.721998545741354
836,38.6573182797061
837,28.029100445759603
838,28.57088926142984
839,38.6573182797061
840,16.723014273073293
841,18.863927883823038
842,20.44508429243698
843,16.134881315673997
844,29.711306661370344
845,21.674805918020237
846,25.34112256621698
847,51.38919230256393
848,51.38919230256393
849,12.804401010520573
850,26.277003673516298
851,21.674805918020237
852,51.38919230256393
853,11.667058393591093
854,18.47646658037896
855,26.096282051326597
856,12.804401010520573
857,20.39221031582901
858,15.261301080182143
859,17.68392097911714
860,17.68392097911714
861,25.72338123126767
862,22.523277075292064
863,17.029369792277077
864,23.3758132033776
865,28.736324014875336
866,26.096282051326597
867,12.870213170556376
868,26.77260335633906
869,27.712479450599066
870,17.029369792277077
871,17.88347915413375
872,30.402468691517804
873,16.605605856516274
874,19.2865767760602
875,51.38919230256393
876,19.2865767760602
877,16.145891003942445
878,19.2865767760602
879,16.42635996721778
880,12.804401010520573
881,19.2865767760602
882,25.72338123126767
883,35.01160376654479
884,17.68392097911714
885,61.29055270936935
886,62.5176832194605
887,24.60912210273083
888,10.918635239609403
889,31.08493611630242
890,10.416453731646502
891,25.72338123126767
892,17.88347915413375
893,63.29464796550118
894,12.804401010520573
895,27.712479450599066
896,19.2865767760602
897,12.804401010520573
898,26.277003673516298
899,20.62335576047684
900,10.416453731646502
901,31.9333660443566
902,19.2865767760602
903,29.711306661370344
904,19.2865767760602
905,51.94281474481255
906,17.68392097911714
907,25.72338123126767
908,26.48940705331843
909,26.202621482137786
910,19.2865767760602
911,17.83947569544092
912,26.105489317710607
913,19.447731908430335
914,18.863927883823038
915,54.30951758963879
916,17.33887162573042
917,18.863927883823038
918,31.181297435803458
919,17.029369792277077
920,17.029369792277077
921,18.130662114608892
922,16.636244790285243
923,42.32335543294578
924,18.04856049942554
925,16.52800631766583
926,17.029369792277077
927,26.202621482137786
928,17.849405044279273
929,19.2865767760602
930,17.68392097911714
931,26.202621482137786
932,16.012736454646205
933,18.47646658037896
934,13.960315671971893
935,277.6202724940637
936,17.68392097911714
937,19.490989419922727
938,17.90497787952126
939,18.863927883823038
940,19.2865767760602
941,25.72338123126767
942,23.3758132033776
943,61.29055270936935
944,19.160691926972376
945,17.88347915413375
946,16.134881315673997
947,16.280823357190688
948,23.877176677988846
949,26.277003673516298
950,19.447731908430335
951,20.62335576047684
952,15.995928266697671
953,24.60912210273083
954,12.804401010520573
955,17.029369792277077
956,24.60912210273083
957,18.863927883823038
958,26.202621482137786
959,17.029369792277077
960,16.636244790285243
961,27.158857008350438
962,29.982573479356372
963,25.72338123126767
964,20.200706868239678
965,19.490989419922727
966,15.261301080182143
967,23.3758132033776
968,12.804401010520573
969,32.54584584958546
970,19.2865767760602
971,22.56645667529628
972,10.291573703509707
973,12.804401010520573
974,52.35631717658888
975,17.68392097911714
976,18.87628033130745
977,29.848846249269187
978,26.202621482137786
979,30.402468691517804
980,18.272053936516436
981,12.804401010520573
982,20.039753708196006
983,18.924530110677264
984,26.703984956749032
985,17.68392097911714
986,11.721998545741354
987,8.123267523882115
988,21.27934822918589
989,16.370349436123867
990,9.494309836406098
991,18.924530110677264
992,19.2865767760602
993,12.804401010520573
994,17.029369792277077
995,12.804401010520573
996,16.605605856516274
997,25.85710846135485
998,16.134881315673997
999,19.651216296368602
1000,17.261272086879977
1001,16.7634744381157
1002,12.804401010520573
1003,12.804401010520573
1004,21.621636400407745
1005,20.861051441973895
1006,51.94281474481255
1007,15.465713724044667
1008,7.996748950429315
1009,17.68392097911714
1010,25.72338123126767
1011,23.19351821139597
1012,62.49189827547229
1013,25.34112256621698
1014,10.291573703509707
1015,33.33010167285362
1016,13.537666779734721
1017,104.54626648927008
1018,18.863927883823038
1019,21.652326583116803
1020,19.2865767760602
1021,19.2865767760602
1022,13.039869130970445
1023,16.145891003942445
1024,16.42635996721778
1025,17.68392097911714
1026,9.494309836406098
1027,19.2865767760602
1028,26.77260335633906
1029,26.77260335633906
1030,16.7634744381157
1031,20.611055026294324
1032,54.30951758963879
1033,15.261301080182143
1034,17.603010190858413
1035,19.842131757134123
1036,16.7634744381157
1037,15.410125981168218
1038,29.848846249269187
1039,30.402468691517804
1040,20.861051441973895
1041,17.68392097911714
1042,18.130662114608892
1043,26.85404657362683
1044,22.016966103425204
1045,29.848846249269187
1046,31.130686190432495
1047,18.272053936516436
1048,19.447731908430335
1049,25.72338123126767
1050,17.261272086879977
1051,22.182936837282554
1052,26.096282051326597
1053,17.029369792277077
1054,17.029369792277077
1055,19.02508301619317
1056,19.2865767760602
1057,36.28814000062684
1058,51.38919230256393
1059,22.016966103425204
1060,25.85710846135485
1061,23.42750494035878
1062,25.72338123126767
1063,31.181297435803458
1064,23.3758132033776
1065,18.291817246979026
1066,19.2865767760602
1067,31.181297435803458
1068,18.04856049942554
1069,30.402468691517804
1070,14.116176903507982
1071,18.272053936516436
1072,17.290795977125306
1073,17.116139275065127
1074,25.85710846135485
1075,18.130662114608892
1076,51.94281474481255
1077,19.253998799734827
1078,17.49520862098783
1079,15.465713724044667
1080,48.33403375141546
1081,17.68392097911714
1082,18.272053936516436
1083,18.863927883823038
1084,18.863927883823038
1085,25.72338123126767
1086,17.88347915413375
1087,20.62335576047684
1088,19.490989419922727
1089,29.848846249269187
1090,26.202621482137786
1091,23.3758132033776
1092,32.54584584958546
1093,19.447731908430335
1094,19.2865767760602
1095,17.029369792277077
1096,21.430643921635053
1097,18.580653405633818
1098,17.68392097911714
1099,10.291573703509707
1100,29.848846249269187
1101,14.116176903507982
1102,16.77252992118763
1103,36.28814000062684
1104,18.863927883823038
1105,29.848846249269187
1106,18.130662114608892
1107,12.804401010520573
1108,18.291817246979026
1109,51.94281474481255
1110,30.402468691517804
1111,17.029369792277077
1112,17.68392097911714
1113,28.253217982631625
1114,34.45798132429616
1115,17.965933161830108
1116,18.04856049942554
1117,36.46611780415399
1118,16.2751039290662
1119,19.2865767760602
1120,40.969455830249
1121,36.9322870518188
1122,33.33010167285362
1123,10.767879286651349
1124,30.402468691517804
1125,25.34112256621698
1126,17.290795977125306
1127,19.490989419922727
1128,20.018843072331528
1129,19.2865767760602
1130,51.94281474481255
1131,34.07820274517936
1132,33.33010167285362
1133,32.517688359460955
1134,17.761520517967583
1135,11.721998545741354
1136,25.85710846135485
1137,30.075946181678745
1138,30.402468691517804
1139,24.98518252595212
1140,38.6573182797061
1141,26.703984956749032
1142,17.290795977125306
1143,9.494309836406098
1144,29.848846249269187
1145,20.62335576047684
1146,17.88347915413375
1147,16.605605856516274
1148,19.490989419922727
1149,19.490989419922727
1150,30.402468691517804
1151,25.72338123126767
1152,26.277003673516298
1153,28.253217982631625
1154,28.23351308962213
1155,32.75025849344799
1156,26.277003673516298
1157,16.52800631766583
1158,26.202621482137786
1159,25.72338123126767
1160,16.576282378640872
1161,22.016966103425204
1162,17.68392097911714
1163,22.13165364147233
1164,17.83947569544092
1165,38.6573182797061
1166,51.94281474481255
1167,25.72338123126767
1168,51.94281474481255
1169,22.016966103425204
1170,30.145062791407362
1171,18.79318072159027
1172,17.849405044279273
1173,13.537666779734721
1174,19.931375628717237
1175,18.87628033130745
1176,14.31604406574698
1177,20.62335576047684
1178,26.202621482137786
1179,26.40796383603066
1180,22.016966103425204
1181,31.9333660443566
1182,19.2865767760602
1183,34.07820274517936
1184,19.2865767760602
1185,19.65779587989141
1186,23.19351821139597
1187,54.30951758963879
1188,18.130662114608892
1189,28.182701572626712
1190,19.2865767760602
1191,17.68392097911714
1192,26.277003673516298
1193,25.72338123126767
1194,51.94281474481255
1195,16.134881315673997
1196,28.23351308962213
1197,12.804401010520573
1198,19.65779587989141
1199,30.361484233368397
1200,14.31604406574698
1201,30.402468691517804
1202,22.523277075292064
1203,31.181297435803458
1204,22.182936837282554
1205,16.52800631766583
1206,17.68392097911714
1207,18.257814560864492
1208,16.145891003942445
1209,12.804401010520573
1210,36.28814000062684
1211,16.42635996721778
1212,15.410125981168218
1213,18.04856049942554
1214,32.54584584958546
1215,36.38339544736437
1216,25.72338123126767
1217,25.72338123126767
1218,9.569098419072718
1219,31.9333660443566
1220,17.90497787952126
1221,16.613384701972368
1222,51.94281474481255
1223,18.272053936516436
1224,20.496411921665494
1225,9.494309836406098
1226,19.2865767760602
1227,9.494309836406098
1228,15.261301080182143
1229,32.18120632927707
1230,36.201255715816586
1231,26.096282051326597
1232,17.68392097911714
1233,17.849405044279273
1234,10.767879286651349
1235,19.46744109902553
1236,30.402468691517804
1237,25.72338123126767
1238,26.202621482137786
1239,29.848846249269187
1240,30.402468691517804
1241,10.416453731646502
1242,17.261272086879977
1243,25.72338123126767
1244,16.134881315673997
1245,10.291573703509707
1246,19.2865767760602
1247,16.605605856516274
1248,114.93885463862789
1249,38.6573182797061
1250,19.931375628717237
1251,26.277003673516298
1252,25.72338123126767
1253,22.016966103425204
1254,22.78029169178187
1255,19.2865767760602
1256,25.72338123126767
1257,17.029369792277077
1258,17.261272086879977
1259,25.34112256621698
1260,18.272053936516436
1261,18.87628033130745
1262,35.715304461658654
1263,19.2865767760602
1264,31.181297435803458
1265,30.843646208974537
1266,12.804401010520573
1267,30.402468691517804
1268,10.767879286651349
1269,17.029369792277077
1270,15.261301080182143
1271,17.68392097911714
1272,20.261309095093903
1273,30.402468691517804
1274,20.861051441973895
1275,8.84574280831911
1276,36.066890053363174
1277,30.952858878568932
1278,27.158857008350438
1279,17.68392097911714
1280,25.72338123126767
1281,18.527285367428895
1282,19.490989419922727
1283,27.158857008350438
1284,28.736324014875336
1285,30.402468691517804
1286,18.863927883823038
1287,24.60912210273083
1288,38.6573182797061
1289,26.703984956749032
1290,19.2865767760602
1291,34.07820274517936
1292,28.736324014875336
1293,18.924530110677264
1294,23.19351821139597
1295,19.490989419922727
1296,16.788354513553642
1297,25.72338123126767
1298,16.605605856516274
1299,29.848846249269187
1300,20.174454789370756
1301,19.2865767760602
1302,29.982573479356372
1303,17.94698621049886
1304,30.402468691517804
1305,19.447731908430335
1306,19.2865767760602
1307,17.88347915413375
1308,19.2865767760602
1309,31.9333660443566
1310,13.305764485131819
1311,16.52800631766583
1312,19.490989419922727
1313,30.402468691517804
1314,13.960315671971893
1315,29.848846249269187
1316,10.767879286651349
1317,13.930542873520176
1318,18.863927883823038
1319,18.291817246979026
1320,36.201255715816586
1321,28.736324014875336
1322,19.2865767760602
1323,25.34112256621698
1324,17.68392097911714
1325,9.494309836406098
1326,17.88347915413375
1327,17.802877353097408
1328,22.523277075292064
1329,16.134881315673997
1330,19.490989419922727
1331,16.57191337020572
1332,12.804401010520573
1333,22.523277075292064
1334,31.97831855681635
1335,18.04856049942554
1336,27.158857008350438
1337,19.2865767760602
1338,25.72338123126767
1339,54.44655257681066
1340,25.34112256621698
1341,29.848846249269187
1342,26.85404657362683
1343,26.202621482137786
1344,19.2865767760602
1345,12.804401010520573
1346,51.38919230256393
1347,11.721998545741354
1348,30.402468691517804
1349,25.72338123126767
1350,25.72338123126767
1351,10.416453731646502
1352,16.605605856516274
1353,17.68392097911714
1354,22.523277075292064
1355,17.68392097911714
1356,17.261272086879977
1357,17.029369792277077
1358,13.305764485131819
1359,25.89474500846561
1360,25.72338123126767
1361,31.181297435803458
1362,26.277003673516298
1363,17.261272086879977
1364,16.52800631766583
1365,30.402468691517804
1366,16.52800631766583
1367,30.402468691517804
1368,17.116139275065127
1369,16.52800631766583
1370,16.52800631766583
1371,17.888333622979665
1372,17.590805218184638
1373,19.2865767760602
1374,19.2865767760602
1375,36.28814000062684
1376,17.029369792277077
1377,30.402468691517804
1378,34.45798132429616
1379,24.60912210273083
1380,25.72338123126767
1381,17.68392097911714
1382,23.458194656185547
1383,16.52800631766583
1384,26.039337587124916
1385,17.68392097911714
1386,10.416453731646502
1387,51.38919230256393
1388,71.3690482274469
1389,20.62335576047684
1390,17.029369792277077
1391,23.458194656185547
1392,20.039753708196006
1393,12.804401010520573
1394,14.032006346474917
1395,25.34112256621698
1396,26.202621482137786
1397,30.402468691517804
1398,17.33887162573042
1399,17.029369792277077
1400,19.65779587989141
1401,30.402468691517804
1402,30.402468691517804
1403,40.969455830249
1404,30.815971123294133
1405,26.48940705331843
1406,16.2751039290662
1407,27.74546032798427
1408,19.730595213693917
1409,25.72338123126767
1410,22.13165364147233
1411,19.43869207437878
1412,31.9333660443566
1413,14.31604406574698
1414,12.044569764653781
1415,24.60912210273083
1416,18.225904154962578
1417,34.07820274517936
1418,19.447731908430335
1419,51.16450787433743
1420,19.2865767760602
1421,26.703984956749032
1422,31.181297435803458
1423,10.291573703509707
1424,31.9333660443566
1425,19.253998799734827
1426,10.416453731646502
1427,25.72338123126767
1428,20.56757979136259
1429,21.85673922697933
1430,17.680609729708856
1431,17.029369792277077
1432,9.768965581311715
1433,18.04856049942554
1434,17.029369792277077
1435,25.72338123126767
1436,22.224511917703424
1437,25.72338123126767
1438,29.848846249269187
1439,30.031798994712908
1440,51.94281474481255
1441,40.969455830249
1442,17.290795977125306
1443,59.3045540956311
1444,10.767879286651349
1445,17.68392097911714
1446,40.969455830249
1447,19.2865767760602
1448,27.712479450599066
1449,17.39849943132602
1450,32.47463787663415
1451,19.2865767760602
1452,51.94281474481255
1453,12.804401010520573
1454,19.490989419922727
1455,19.2865767760602
1456,18.272053936516436
1457,19.2865767760602
1458,10.291573703509707
1459,17.029369792277077
1460,51.94281474481255
1461,13.305764485131819
1462,17.029369792277077
1463,22.016966103425204
1464,19.2865767760602
1465,17.029369792277077
1466,51.94281474481255
1467,18.863927883823038
1468,17.116139275065127
1469,19.65779587989141
1470,23.3758132033776
1471,18.272053936516436
1472,31.9333660443566
1473,16.472421784594474
1474,12.804401010520573
1475,17.965933161830108
1476,32.54584584958546
1477,22.13165364147233
1478,30.402468691517804
1479,17.802877353097408
1480,17.888333622979665
1481,40.22135475792327
1482,12.287991699384257
1483,30.402468691517804
1484,29.848846249269187
1485,20.62335576047684
1486,22.016966103425204
1487,19.2865767760602
1488,29.405160077467723
1489,34.45798132429616
1490,36.38339544736437
1491,18.924530110677264
1492,29.078851123379465
1493,22.182936837282554
1494,26.521643085937445
1495,10.767879286651349
1496,11.721998545741354
1497,17.029369792277077
1498,22.58655858308636
1499,17.603010190858413
1500,31.300145096789993
1501,17.33887162573042
1502,17.849405044279273
1503,18.045444470885904
1504,18.272053936516436
1505,34.07820274517936
1506,18.130662114608892
1507,26.277003673516298
1508,53.56141651731305
1509,17.68392097911714
1510,10.767879286651349
1511,26.039337587124916
1512,17.029369792277077
1513,19.2865767760602
1514,17.84061293957135
1515,32.54584584958546
1516,38.99496950653503
1517,30.402468691517804
1518,31.9333660443566
1519,18.580653405633818
1520,12.804401010520573
1521,35.01160376654479
1522,19.2865767760602
1523,28.253217982631625
1524,20.261309095093903
1525,51.38919230256393
1526,17.68392097911714
1527,18.863927883823038
1528,17.029369792277077
1529,26.40796383603066
1530,18.536433922054922
1531,30.402468691517804
1532,23.19351821139597
1533,18.580653405633818
1534,13.305764485131819
1535,24.60912210273083
1536,16.52800631766583
1537,21.833190906082134
1538,17.88347915413375
1539,17.029369792277077
1540,19.2865767760602
1541,21.341038115460755
1542,53.804095275956975
1543,33.152701364106576
1544,19.2865767760602
1545,29.848846249269187
1546,29.848846249269187
1547,30.402468691517804
1548,18.863927883823038
1549,24.60912210273083
1550,17.029369792277077
1551,16.52800631766583
1552,18.87628033130745
1553,18.291817246979026
1554,25.72338123126767
1555,17.261272086879977
1556,18.272053936516436
1557,12.804401010520573
1558,28.736324014875336
1559,13.305764485131819
1560,29.848846249269187
1561,29.711306661370344
1562,30.402468691517804
1563,17.33887162573042
1564,30.402468691517804
1565,29.848846249269187
1566,29.848846249269187
1567,17.261272086879977
1568,16.134881315673997
1569,21.674805918020237
1570,23.19351821139597
1571,16.52800631766583
1572,29.848846249269187
1573,25.85710846135485
1574,23.3758132033776
1575,30.402468691517804
1576,26.77260335633906
1577,19.65779587989141
1578,19.2865767760602
1579,16.52800631766583
1580,19.2865767760602
1581,17.029369792277077
1582,13.04913046250847
1583,9.154231086580227
1584,19.447731908430335
1585,23.3758132033776
1586,25.34112256621698
1587,29.848846249269187
1588,17.029369792277077
1589,18.863927883823038
1590,19.490989419922727
1591,22.523277075292064
1592,30.815971123294133
1593,25.72338123126767
1594,24.60912210273083
1595,18.87628033130745
1596,10.93845487884757
1597,30.402468691517804
1598,18.79318072159027
1599,30.402468691517804
1600,26.12430707479419
1601,18.863927883823038
1602,31.130686190432495
1603,15.261301080182143
1604,17.68392097911714
1605,16.613384701972368
1606,16.134881315673997
1607,9.494309836406098
1608,29.848846249269187
1609,20.56757979136259
1610,16.134881315673997
1611,17.261272086879977
1612,51.38919230256393
1613,12.804401010520573
1614,51.522919532651116
1615,28.182701572626712
1616,16.52800631766583
1617,17.68392097911714
1618,23.19351821139597
1619,34.45798132429616
1620,39.4552446250302
1621,16.52800631766583
1622,30.402468691517804
1623,17.68392097911714
1624,26.277003673516298
1625,17.029369792277077
1626,30.402468691517804
1627,29.48082643397874
1628,17.029369792277077
1629,18.14156300478926
1630,17.603010190858413
1631,19.968804573636778
1632,12.134344475728621
1633,17.68392097911714
1634,10.416453731646502
1635,29.848846249269187
1636,17.888333622979665
1637,22.27261655885022
1638,18.04856049942554
1639,17.261272086879977
1640,18.130662114608892
1641,19.447731908430335
1642,17.029369792277077
1643,17.029369792277077
1644,23.19351821139597
1645,30.361484233368397
1646,40.96100246508534
1647,51.94281474481255
1648,18.272053936516436
1649,16.605605856516274
1650,17.029369792277077
1651,19.2865767760602
1652,17.029369792277077
1653,23.19351821139597
1654,9.494309836406098
1655,17.144064082692886
1656,20.827768404339366
1657,18.87628033130745
1658,17.029369792277077
1659,29.982573479356372
1660,9.569098419072718
1661,17.965933161830108
1662,33.33010167285362
1663,17.116139275065127
1664,18.130662114608892
1665,18.04856049942554
1666,10.416453731646502
1667,19.2865767760602
1668,14.164728315834417
1669,18.863927883823038
1670,25.72338123126767
1671,19.65779587989141
1672,25.34112256621698
1673,31.300145096789993
1674,51.94281474481255
1675,10.767879286651349
1676,12.804401010520573
1677,22.523277075292064
1678,10.962167299874562
1679,17.029369792277077
1680,19.447731908430335
1681,10.767879286651349
1682,16.605605856516274
1683,23.19351821139597
1684,25.72338123126767
1685,196.17205920816366
1686,16.52800631766583
1687,20.171957843592924
1688,18.225904154962578
1689,17.029369792277077
1690,10.714222595746879
1691,26.064946146358192
1692,12.804401010520573
1693,10.416453731646502
1694,32.54584584958546
1695,17.88347915413375
1696,17.359137672333382
1697,17.261272086879977
1698,16.605605856516274
1699,13.537666779734721
1700,21.600516848912026
1701,23.3758132033776
1702,196.17205920816366
1703,28.182701572626712
1704,25.72338123126767
1705,35.01160376654479
1706,28.956350000126257
1707,19.2865767760602
1708,20.62335576047684
1709,16.613384701972368
1710,17.029369792277077
1711,10.767879286651349
1712,18.14156300478926
1713,16.753196510225774
1714,17.029369792277077
1715,12.804401010520573
1716,10.416453731646502
1717,19.490989419922727
1718,12.718897420643813
1719,38.6573182797061
1720,16.605605856516274
1721,10.416453731646502
1722,22.523277075292064
1723,15.410125981168218
1724,17.603010190858413
1725,33.33010167285362
1726,30.402468691517804
1727,18.272053936516436
1728,18.863927883823038
1729,17.888333622979665
1730,29.982573479356372
1731,62.59254664497516
1732,10.767879286651349
1733,27.261403979161923
1734,25.72338123126767
1735,30.402468691517804
1736,30.402468691517804
1737,27.158857008350438
1738,30.402468691517804
1739,22.523277075292064
1740,7.5297788870019895
1741,19.2865767760602
1742,26.568190712476536
1743,32.64641165845708
1744,32.75025849344799
1745,33.33010167285362
1746,19.2865767760602
1747,59.94676212264339
1748,30.815971123294133
1749,26.202621482137786
1750,20.859721577338235
1751,17.68392097911714
1752,18.291817246979026
1753,18.580653405633818
1754,30.402468691517804
1755,51.94281474481255
1756,22.56645667529628
1757,24.60912210273083
1758,27.712479450599066
1759,30.402468691517804
1760,17.68392097911714
1761,27.158857008350438
1762,25.97213738519372
1763,22.22137874728773
1764,61.29055270936935
1765,20.62335576047684
1766,13.305764485131819
1767,25.34112256621698
1768,26.277003673516298
1769,17.849405044279273
1770,27.712479450599066
1771,26.096282051326597
1772,16.868147084888143
1773,29.848846249269187
1774,18.130662114608892
1775,17.68392097911714
1776,30.402468691517804
1777,22.95777768691757
1778,17.029369792277077
1779,19.2865767760602
1780,18.43767080452506
1781,48.33403375141546
1782,38.6573182797061
1783,6.500956047627678
1784,19.65779587989141
1785,55.352648081298014
1786,19.2865767760602
1787,30.361484233368397
1788,9.569098419072718
1789,17.33887162573042
1790,17.029369792277077
1791,16.52800631766583
1792,34.07820274517936
1793,10.838683933675197
1794,17.90497787952126
1795,18.272053936516436
1796,105.91153095537015
1797,29.848846249269187
1798,19.447731908430335
1799,51.94281474481255
1800,30.402468691517804
1801,18.272053936516436
1802,12.804401010520573
1803,25.34112256621698
1804,26.277003673516298
1805,51.38919230256393
1806,25.34112256621698
1807,25.72338123126767
1808,17.90497787952126
1809,10.291573703509707
1810,26.568190712476536
1811,11.721998545741354
1812,29.848846249269187
1813,12.134344475728621
1814,25.34112256621698
1815,19.656386167028383
1816,39.4552446250302
1817,16.472421784594474
1818,17.13716944149603
1819,19.2865767760602
1820,30.402468691517804
1821,27.854876465412445
1822,11.721998545741354
1823,17.029369792277077
1824,16.52800631766583
1825,17.88347915413375
1826,31.342452839994976
1827,18.272053936516436
1828,19.2865767760602
1829,29.848846249269187
1830,12.894663729545433
1831,17.33887162573042
1832,12.804401010520573
1833,7.5297788870019895
1834,27.158857008350438
1835,25.72338123126767
1836,18.863927883823038
1837,17.68392097911714
1838,28.253217982631625
1839,17.802877353097408
1840,28.956350000126257
1841,19.2865767760602
1842,26.277003673516298
1843,26.277003673516298
1844,32.64641165845708
1845,16.52800631766583
1846,10.291573703509707
1847,17.290795977125306
1848,14.032006346474917
1849,18.47646658037896
1850,17.10696933112752
1851,18.272053936516436
1852,17.116139275065127
1853,17.68392097911714
1854,28.182701572626712
1855,19.65779587989141
1856,25.72338123126767
1857,196.17205920816366
1858,34.07820274517936
1859,25.72338123126767
1860,28.029100445759603
1861,22.13165364147233
1862,16.145891003942445
1863,30.815971123294133
1864,19.2865767760602
1865,16.21785138784405
1866,36.32061218788391
1867,16.636244790285243
1868,26.202621482137786
1869,19.931375628717237
1870,19.253998799734827
1871,18.863927883823038
1872,26.202621482137786
1873,16.868956314589983
1874,17.849405044279273
1875,19.65779587989141
1876,17.029369792277077
1877,29.848846249269187
1878,29.848846249269187
1879,17.68392097911714
1880,26.096282051326597
1881,279.7700484967227
1882,18.04856049942554
1883,18.272053936516436
1884,17.90497787952126
1885,25.34112256621698
1886,16.605605856516274
1887,196.17205920816366
1888,17.261272086879977
1889,51.38919230256393
1890,9.494309836406098
1891,18.863927883823038
1892,27.158857008350438
1893,27.74546032798427
1894,30.402468691517804
1895,72.0730642168526
1896,77.46977325582961
1897,13.404897069967621
1898,17.33887162573042
1899,17.029369792277077
1900,25.34112256621698
1901,26.202621482137786
1902,25.72338123126767
1903,16.52800631766583
1904,35.01160376654479
1905,16.636244790285243
1906,26.703984956749032
1907,16.663686965119698
1908,18.924530110677264
1909,24.987608981213
1910,17.029369792277077
1911,16.605605856516274
1912,26.096282051326597
1913,26.105489317710607
1914,20.261309095093903
1915,17.33887162573042
1916,17.261272086879977
1917,26.568190712476536
1918,25.72338123126767
1919,16.472421784594474
1920,18.272053936516436
1921,17.68392097911714
1922,17.68392097911714
1923,10.416453731646502
1924,30.361484233368397
1925,30.815971123294133
1926,22.56645667529628
1927,30.402468691517804
1928,19.651216296368602
1929,12.822973055042409
1930,17.68392097911714
1931,9.569098419072718
1932,30.402468691517804
1933,31.181297435803458
1934,19.447731908430335
1935,31.33466951158359
1936,18.863927883823038
1937,17.88347915413375
1938,31.181297435803458
1939,19.253998799734827
1940,21.558463938314112
1941,32.54584584958546
1942,30.031798994712908
1943,23.3758132033776
1944,17.19373881391557
1945,19.2865767760602
1946,17.116139275065127
1947,22.523277075292064
1948,27.158857008350438
1949,14.164728315834417
1950,17.33887162573042
1951,15.410125981168218
1952,16.134881315673997
1953,19.65779587989141
1954,10.767879286651349
1955,53.56141651731305
1956,17.802877353097408
1957,18.04856049942554
1958,17.68392097911714
1959,16.52800631766583
1960,30.402468691517804
1961,26.202621482137786
1962,18.291817246979026
1963,30.815971123294133
1964,10.416453731646502
1965,51.38919230256393
1966,25.72338123126767
1967,25.72338123126767
1968,35.4003607705626
1969,16.605605856516274
1970,16.280823357190688
1971,18.863927883823038
1972,19.2865767760602
1973,21.514197206197633
1974,26.096282051326597
1975,25.72338123126767
1976,30.402468691517804
1977,18.863927883823038
1978,10.416453731646502
1979,18.015021912287896
1980,29.982573479356372
1981,9.494309836406098
1982,30.402468691517804
1983,19.490989419922727
1984,9.494309836406098
1985,18.272053936516436
1986,18.272053936516436
1987,51.94281474481255
1988,20.861051441973895
1989,10.291573703509707
1990,10.767879286651349
1991,25.72338123126767
1992,38.22389931711132
1993,17.029369792277077
1994,26.568190712476536
1995,12.804401010520573
1996,18.167863021381255
1997,12.51076759414
1998,25.72338123126767
1999,18.04856049942554
2000,30.402468691517804
2001,30.402468691517804
2002,13.015058657536729
2003,30.402468691517804
2004,19.253998799734827
2005,19.447731908430335
2006,17.029369792277077
2007,16.605605856516274
2008,17.236455667490755
2009,20.62335576047684
2010,16.134881315673997
2011,12.804401010520573
2012,19.2865767760602
2013,34.45798132429616
2014,18.291817246979026
2015,30.402468691517804
2016,30.402468691517804
2017,19.2865767760602
2018,12.044569764653781
2019,22.016966103425204
2020,18.272053936516436
2021,18.04856049942554
2022,18.863927883823038
2023,25.34112256621698
2024,18.272053936516436
2025,17.68392097911714
2026,18.14156300478926
2027,24.60912210273083
2028,23.3758132033776
2029,17.33887162573042
2030,26.202621482137786
2031,17.68392097911714
2032,17.68392097911714
2033,16.7634744381157
2034,20.861051441973895
2035,51.38919230256393
2036,18.272053936516436
2037,21.600516848912026
2038,25.85710846135485
2039,16.42635996721778
2040,29.539036000963495
2041,13.305764485131819
2042,24.60912210273083
2043,30.402468691517804
2044,19.2865767760602
2045,26.974363997703964
2046,16.605605856516274
2047,17.888333622979665
2048,17.025088126700933
2049,26.096282051326597
2050,16.636244790285243
2051,23.458194656185547
2052,18.863927883823038
2053,30.815971123294133
2054,36.9322870518188
2055,17.290795977125306
2056,51.38919230256393
2057,12.804401010520573
2058,12.804401010520573
2059,24.60912210273083
2060,25.72338123126767
2061,17.68392097911714
2062,21.729926121967246
2063,10.767879286651349
2064,25.72338123126767
2065,25.34112256621698
2066,25.72338123126767
2067,25.818449336252648
2068,17.88347915413375
2069,32.01632488484971
2070,16.2751039290662
2071,32.54584584958546
2072,10.767879286651349
2073,16.134881315673997
2074,17.68392097911714
2075,25.72338123126767
2076,33.33010167285362
2077,51.94281474481255
2078,15.465713724044667
2079,196.17205920816366
2080,36.9322870518188
2081,35.01160376654479
2082,16.636244790285243
2083,17.761520517967583
2084,19.2865767760602
2085,30.402468691517804
2086,19.447731908430335
2087,30.402468691517804
2088,17.029369792277077
2089,10.291573703509707
2090,26.277003673516298
2091,17.029369792277077
2092,32.54584584958546
2093,31.181297435803458
2094,19.2865767760602
2095,30.402468691517804
2096,25.34112256621698
2097,17.888333622979665
2098,19.447731908430335
2099,15.261301080182143
2100,26.390399263443747
2101,30.402468691517804
2102,21.674805918020237
2103,17.029369792277077
2104,25.72338123126767
2105,19.65779587989141
2106,31.181297435803458
2107,16.52800631766583
2108,22.1639096908492
2109,15.261301080182143
2110,16.52800631766583
2111,23.800794861667118
2112,40.969455830249
2113,17.029369792277077
2114,17.888333622979665
2115,27.868873569313728
2116,27.712479450599066
2117,18.863927883823038
2118,32.75025849344799
2119,34.07820274517936
2120,19.2865767760602
2121,19.2865767760602
2122,17.10696933112752
2123,20.861051441973895
2124,17.029369792277077
2125,19.2865767760602
2126,30.402468691517804
2127,196.17205920816366
2128,16.472421784594474
2129,160.85041811031405
2130,17.68392097911714
2131,17.029369792277077
2132,25.85710846135485
2133,23.3758132033776
2134,34.07820274517936
2135,10.291573703509707
2136,25.72338123126767
2137,29.848846249269187
2138,17.029369792277077
2139,17.68392097911714
2140,35.4003607705626
2141,29.982573479356372
2142,30.815971123294133
2143,51.38919230256393
2144,25.72338123126767
2145,16.145891003942445
2146,29.848846249269187
2147,17.849405044279273
2148,26.907341996800252
2149,16.2751039290662
2150,18.272053936516436
2151,30.402468691517804
2152,20.861051441973895
2153,16.613384701972368
2154,26.438089602587656
2155,25.34112256621698
2156,20.496411921665494
2157,20.200706868239678
2158,18.863927883823038
2159,32.176407307248425
2160,10.291573703509707
2161,17.029369792277077
2162,27.158857008350438
2163,26.277003673516298
2164,23.19351821139597
2165,22.523277075292064
2166,26.438089602587656
2167,17.029369792277077
2168,17.261272086879977
2169,17.68392097911714
2170,30.402468691517804
2171,26.568190712476536
2172,31.300145096789993
2173,51.94281474481255
2174,16.003435304810473
2175,18.291817246979026
2176,29.982573479356372
2177,16.52800631766583
2178,25.72338123126767
2179,23.3758132033776
2180,18.924530110677264
2181,17.802877353097408
2182,28.182701572626712
2183,12.804401010520573
2184,29.848846249269187
2185,22.182936837282554
2186,17.290795977125306
2187,8.84574280831911
2188,16.2751039290662
2189,17.68392097911714
2190,17.029369792277077
2191,19.2865767760602
2192,16.52800631766583
2193,17.029369792277077
2194,51.94281474481255
2195,29.848846249269187
2196,29.848846249269187
2197,11.577609984816515
2198,25.72338123126767
2199,25.34112256621698
2200,17.261272086879977
2201,30.843646208974537
2202,25.72338123126767
2203,34.07820274517936
2204,19.2865767760602
2205,51.38919230256393
2206,19.447731908430335
2207,104.54626648927008
2208,17.029369792277077
2209,18.272053936516436
2210,30.361484233368397
2211,17.550406586106558
2212,23.3758132033776
2213,30.402468691517804
2214,10.416453731646502
2215,30.402468691517804
2216,19.2865767760602
2217,22.331390720675785
2218,17.68392097911714
2219,62.4087013674783
2220,36.184185979493044
2221,19.2865767760602
2222,47.881953050091454
2223,15.189408991657206
2224,12.804401010520573
2225,17.33887162573042
2226,20.40240313133928
2227,19.2865767760602
2228,33.33010167285362
2229,30.402468691517804
2230,31.181297435803458
2231,9.494309836406098
2232,15.261301080182143
2233,22.523277075292064
2234,12.804401010520573
2235,29.848846249269187
2236,20.827768404339366
2237,16.605605856516274
2238,18.536433922054922
2239,15.410125981168218
2240,30.402468691517804
2241,16.52800631766583
2242,30.402468691517804
2243,17.590805218184638
2244,16.134881315673997
2245,22.13165364147233
2246,16.42635996721778
2247,18.70962512807058
2248,17.849405044279273
2249,18.291817246979026
2250,20.56757979136259
2251,17.68392097911714
2252,18.272053936516436
2253,18.272053936516436
2254,18.863927883823038
2255,17.761520517967583
2256,38.6573182797061
2257,26.606852792321853
2258,15.410125981168218
2259,9.494309836406098
2260,9.494309836406098
2261,25.34112256621698
2262,25.89474500846561
2263,16.134881315673997
2264,29.848846249269187
2265,22.523277075292064
2266,14.116176903507982
2267,18.04856049942554
2268,22.523277075292064
2269,12.804401010520573
2270,19.2865767760602
2271,19.490989419922727
2272,17.029369792277077
2273,17.029369792277077
2274,25.34112256621698
2275,10.767879286651349
2276,12.804401010520573
2277,26.203551192168135
2278,24.60912210273083
2279,16.605605856516274
2280,17.19373881391557
2281,22.58655858308636
2282,19.2865767760602
2283,36.28814000062684
2284,17.603010190858413
2285,19.65779587989141
2286,27.74546032798427
2287,12.978834286578499
2288,27.261403979161923
2289,17.290795977125306
2290,18.924530110677264
2291,16.42635996721778
2292,19.2865767760602
2293,30.402468691517804
2294,34.45798132429616
2295,23.3758132033776
2296,30.402468691517804
2297,17.68392097911714
2298,30.402468691517804
2299,51.94281474481255
2300,23.3758132033776
2301,51.94281474481255
2302,30.402468691517804
2303,19.2865767760602
2304,16.52800631766583
2305,20.861051441973895
2306,26.105489317710607
2307,23.61200126323273
2308,30.402468691517804
2309,26.202621482137786
2310,25.72338123126767
2311,28.23351308962213
2312,17.68392097911714
2313,21.225025823847155
2314,16.636244790285243
2315,18.79318072159027
2316,26.568190712476536
2317,30.402468691517804
2318,17.029369792277077
2319,31.300145096789993
2320,17.68392097911714
2321,21.600516848912026
2322,19.2865767760602
2323,57.61545037550355
2324,17.68392097911714
2325,29.982573479356372
2326,52.35631717658888
2327,17.029369792277077
2328,69.98869558647546
2329,13.537666779734721
2330,22.523277075292064
2331,26.568190712476536
2332,10.291573703509707
2333,12.804401010520573
2334,22.016966103425204
2335,18.291817246979026
2336,20.861051441973895
2337,26.277003673516298
2338,17.68392097911714
2339,51.94281474481255
2340,9.494309836406098
2341,9.569098419072718
2342,30.815971123294133
2343,20.827768404339366
2344,17.029369792277077
2345,17.88347915413375
2346,17.802877353097408
2347,21.41722375654522
2348,18.084792471681997
2349,21.655160123575524
2350,18.272053936516436
2351,22.523277075292064
2352,17.290795977125306
2353,25.72338123126767
2354,59.39923884468287
2355,19.2865767760602
2356,62.4087013674783
2357,36.28814000062684
2358,10.291573703509707
2359,29.405160077467723
2360,26.096282051326597
2361,17.68392097911714
2362,30.402468691517804
2363,18.272053936516436
2364,20.261309095093903
2365,10.767879286651349
2366,32.54584584958546
2367,26.703984956749032
2368,9.569098419072718
2369,18.291817246979026
2370,28.736324014875336
2371,25.72338123126767
2372,28.029100445759603
2373,40.969455830249
2374,16.134881315673997
2375,18.272053936516436
2376,26.105489317710607
2377,25.72338123126767
2378,11.721998545741354
2379,17.261272086879977
2380,18.272053936516436
2381,17.68392097911714
2382,27.158857008350438
2383,34.07820274517936
2384,19.419868102746474
2385,51.38919230256393
2386,15.261301080182143
2387,16.280823357190688
2388,19.2865767760602
2389,29.982573479356372
2390,25.72338123126767
2391,17.029369792277077
2392,18.527285367428895
2393,19.65779587989141
2394,18.291817246979026
2395,36.184185979493044
2396,26.277003673516298
2397,31.181297435803458
2398,30.402468691517804
2399,17.029369792277077
2400,25.72338123126767
2401,12.804401010520573
2402,17.029369792277077
2403,23.3758132033776
2404,19.2865767760602
2405,35.4003607705626
2406,29.848846249269187
2407,32.54584584958546
2408,22.49041266591726
2409,23.3758132033776
2410,30.402468691517804
2411,19.65779587989141
2412,26.202621482137786
2413,29.848846249269187
2414,51.522919532651116
2415,22.016966103425204
2416,17.965933161830108
2417,17.19373881391557
2418,18.863927883823038
2419,39.277310660377495
2420,26.77260335633906
2421,18.863927883823038
2422,17.90497787952126
2423,26.096282051326597
2424,18.863927883823038
2425,22.182936837282554
2426,51.94281474481255
2427,18.130662114608892
2428,16.52800631766583
2429,13.960315671971893
2430,35.01160376654479
2431,12.804401010520573
2432,31.181297435803458
2433,15.410125981168218
2434,10.416453731646502
2435,17.88347915413375
2436,20.174454789370756
2437,17.261272086879977
2438,16.576282378640872
2439,26.039337587124916
2440,16.52800631766583
2441,27.712479450599066
2442,10.767879286651349
2443,19.2865767760602
2444,30.402468691517804
2445,16.52800631766583
2446,12.083579055521733
2447,17.029369792277077
2448,83.25568947872047
2449,18.580653405633818
2450,29.848846249269187
2451,25.72338123126767
2452,25.34112256621698
2453,27.158857008350438
2454,25.72338123126767
2455,17.290795977125306
2456,25.72338123126767
2457,18.272053936516436
2458,17.68392097911714
2459,12.083579055521733
2460,30.402468691517804
2461,19.2865767760602
2462,19.490989419922727
2463,19.490989419922727
2464,38.6573182797061
2465,17.029369792277077
2466,15.261301080182143
2467,18.130662114608892
2468,22.182936837282554
2469,25.72338123126767
2470,25.72338123126767
2471,16.841073976966143
2472,20.496411921665494
2473,22.693471217410213
2474,26.606852792321853
2475,26.202621482137786
2476,22.523277075292064
2477,25.72338123126767
2478,24.60912210273083
2479,12.804401010520573
2480,17.144064082692886
2481,18.636693456824837
2482,19.2865767760602
2483,32.47463787663415
2484,26.277003673516298
2485,31.181297435803458
2486,30.815971123294133
2487,17.88347915413375
2488,32.48816934110765
2489,16.605605856516274
2490,16.636244790285243
2491,15.335079167664986
2492,19.2865767760602
2493,18.863927883823038
2494,26.096282051326597
2495,36.9322870518188
2496,48.385740092498445
2497,19.2865767760602
2498,32.54584584958546
2499,196.17205920816366
2500,17.68392097911714
2501,20.827768404339366
2502,18.924530110677264
2503,20.861051441973895
2504,12.804401010520573
2505,14.501469834315348
2506,35.01160376654479
2507,25.72338123126767
2508,29.982573479356372
2509,18.87628033130745
2510,25.72338123126767
2511,29.982573479356372
2512,25.72338123126767
2513,18.04856049942554
2514,17.33887162573042
2515,17.261272086879977
2516,27.292584238437627
2517,31.181297435803458
2518,16.904141468108843
2519,17.029369792277077
2520,10.714222595746879
2521,34.45798132429616
2522,19.2865767760602
2523,9.494309836406098
2524,26.202621482137786
2525,12.804401010520573
2526,19.2865767760602
2527,32.64641165845708
2528,20.62335576047684
2529,30.402468691517804
2530,30.402468691517804
2531,25.674698066816514
2532,9.484927862039653
2533,25.72338123126767
2534,36.58033601082756
2535,20.861051441973895
2536,30.402468691517804
2537,10.767879286651349
2538,29.848846249269187
2539,19.65779587989141
2540,17.261272086879977
2541,26.202621482137786
2542,30.402468691517804
2543,23.3758132033776
2544,32.54584584958546
2545,25.34112256621698
2546,10.416453731646502
2547,29.982573479356372
2548,19.490989419922727
2549,23.19351821139597
2550,31.181297435803458
2551,61.29055270936935
2552,25.85710846135485
2553,62.59254664497516
2554,29.848846249269187
2555,36.184185979493044
2556,34.07820274517936
2557,9.494309836406098
2558,18.291817246979026
2559,10.416453731646502
2560,29.982573479356372
2561,26.202621482137786
2562,25.72338123126767
2563,26.096282051326597
2564,16.605605856516274
2565,16.489512895852823
2566,26.277003673516298
2567,17.68392097911714
2568,19.490989419922727
2569,21.833190906082134
2570,13.039869130970445
2571,19.490989419922727
2572,15.995928266697671
2573,26.277003673516298
2574,16.145891003942445
2575,18.29361342417586
2576,29.982573479356372
2577,54.30951758963879
2578,30.402468691517804
2579,26.096282051326597
2580,10.416453731646502
2581,26.096282051326597
2582,30.815971123294133
2583,25.72338123126767
2584,17.029369792277077
2585,18.272053936516436
2586,25.72338123126767
2587,9.494309836406098
2588,34.07820274517936
2589,25.72338123126767
2590,17.029369792277077
2591,11.577609984816515
2592,19.2865767760602
2593,17.90497787952126
2594,19.447731908430335
2595,40.969455830249
2596,25.72338123126767
2597,24.60912210273083
2598,17.029369792277077
2599,19.2865767760602
2600,16.52800631766583
2601,16.52800631766583
2602,14.032006346474917
2603,27.158857008350438
2604,19.490989419922727
2605,19.2865767760602
2606,62.59254664497516
2607,17.590805218184638
2608,16.52800631766583
2609,7.971114751997836
2610,30.145062791407362
2611,22.58791738853643
2612,16.605605856516274
2613,33.48900158332185
2614,17.68392097911714
2615,19.2865767760602
2616,34.45798132429616
2617,24.60912210273083
2618,196.17205920816366
2619,20.748007274845406
2620,22.016966103425204
2621,29.848846249269187
2622,17.88347915413375
2623,17.029369792277077
2624,18.257814560864492
2625,29.982573479356372
2626,14.31604406574698
2627,51.94281474481255
2628,27.681176709410565
2629,30.402468691517804
2630,16.472421784594474
2631,16.52800631766583
2632,18.47646658037896
2633,15.79902266094795
2634,17.029369792277077
2635,29.982573479356372
2636,17.116139275065127
2637,19.490989419922727
2638,16.280823357190688
2639,196.17205920816366
2640,51.94281474481255
2641,17.802877353097408
2642,17.68392097911714
2643,12.804401010520573
2644,18.04856049942554
2645,18.863927883823038
2646,17.45628004228744
2647,51.38919230256393
2648,18.863927883823038
2649,29.848846249269187
2650,11.667058393591093
2651,16.605605856516274
2652,20.44508429243698
2653,19.2865767760602
2654,26.096282051326597
2655,16.52800631766583
2656,15.988149421241577
2657,25.72338123126767
2658,19.2865767760602
2659,17.029369792277077
2660,18.863927883823038
2661,22.13165364147233
2662,25.34112256621698
2663,31.181297435803458
2664,26.096282051326597
2665,26.277003673516298
2666,17.68392097911714
2667,28.253217982631625
2668,18.272053936516436
2669,21.38260014995958
2670,22.13165364147233
2671,30.402468691517804
2672,26.568190712476536
2673,17.33887162573042
2674,17.029369792277077
2675,19.2865767760602
2676,20.496411921665494
2677,30.402468691517804
2678,16.605605856516274
2679,27.158857008350438
2680,25.72338123126767
2681,51.38919230256393
2682,18.863927883823038
2683,22.523277075292064
2684,24.60912210273083
2685,28.736324014875336
2686,20.827768404339366
2687,32.54584584958546
2688,51.38919230256393
2689,18.272053936516436
2690,25.72338123126767
2691,17.88347915413375
2692,31.08493611630242
2693,12.804401010520573
2694,16.134881315673997
2695,29.982573479356372
2696,17.029369792277077
2697,36.3770170822637
2698,31.181297435803458
2699,17.888333622979665
2700,19.65779587989141
2701,15.79902266094795
2702,30.402468691517804
2703,14.648074513199258
2704,30.815971123294133
2705,19.2865767760602
2706,18.863927883823038
2707,12.804401010520573
2708,20.827768404339366
2709,18.924530110677264
2710,18.924530110677264
2711,19.2865767760602
2712,16.74232981081912
2713,18.272053936516436
2714,17.68392097911714
2715,16.613384701972368
2716,17.68392097911714
2717,17.94698621049886
2718,17.68392097911714
2719,17.290795977125306
2720,9.494309836406098
2721,23.458194656185547
2722,51.38919230256393
2723,32.199928886398865
2724,51.94281474481255
2725,16.605605856516274
2726,17.68392097911714
2727,17.68392097911714
2728,22.016966103425204
2729,25.72338123126767
2730,27.712479450599066
2731,19.2865767760602
2732,22.182936837282554
2733,35.01160376654479
2734,30.402468691517804
2735,18.863927883823038
2736,21.22967769087964
2737,10.416453731646502
2738,30.402468691517804
