id,pollution_value
0,17.714551991381633
1,48.56630672417461
2,81.40777289952918
3,22.185015729496893
4,73.67619239175608
5,45.296898807999476
6,29.006309394764163
7,57.63835395223352
8,71.31073474260214
9,23.75193234084765
10,66.34591974811566
11,47.68678677120776
12,72.47567528981422
13,14.640348374477096
14,86.5362324210097
15,42.44587002396505
16,31.609874558991326
17,14.972163661008386
18,56.7310361175187
19,27.451331200138995
20,15.762693930902982
21,1.6788315375405927
22,43.47682017549357
23,28.37483667724241
24,77.81874895374712
25,87.69772305434577
26,46.838905695169245
27,41.66332147841847
28,18.531754258691137
29,74.71541535456768
30,27.347461607217493
31,70.44034460113049
32,91.9441069757763
33,29.720071906630597
34,98.7608121155655
35,33.93019686231289
36,9.64941422231207
37,13.552020795855801
38,61.82640847828327
39,64.70993211915544
40,30.142137762938848
41,78.46746210552908
42,95.24299260322334
43,17.936911896417907
44,2.3313136063807693
45,31.750125002179008
46,38.998519845545765
47,75.36909626728475
48,30.601109207885322
49,19.22452226591457
50,39.54261534943188
51,16.456346934043886
52,70.15996324512014
53,11.406086452862818
54,71.4943390984293
55,53.214731639295955
56,24.972634501002965
57,40.161008547851004
58,62.70306583121605
59,3.905621635170553
60,21.97619320747277
61,80.13178612938808
62,60.127878162882276
63,24.84663087750739
64,45.75749681666521
65,52.64700674215125
66,76.84195884961572
67,12.945500193681026
68,66.35810519400628
69,19.857353131332278
70,33.75737832185439
71,60.5726193871568
72,98.7748182318146
73,83.64521504570092
74,47.632961935388415
75,59.92861098929164
76,73.31238868608605
77,22.034567529081173
78,58.75175373294744
79,56.30410706431259
80,22.59381870909779
81,11.451728037417642
82,22.3007613325107
83,42.937657626163094
84,65.56232824939639
85,14.365469634640116
86,4.623889817500282
87,37.3937967357974
88,20.333003862745326
89,32.859828971931506
90,79.35745995253902
91,79.24151908451306
92,75.94119451121735
93,97.49183007738279
94,0.6404058282813541
95,20.39702425597906
96,1.7180505185773631
97,83.04133089474817
98,92.33703623143009
99,76.72911554249254
100,18.584301798579304
101,93.59899112595005
102,56.63328913349309
103,65.83423096067001
104,30.174133218329192
105,3.3787098197869736
106,97.4345652225639
107,68.32010587279844
108,39.148426264872114
109,37.35514757152993
110,70.32850382930327
111,60.057255951977325
112,97.54732177655183
113,13.467549193649331
114,29.825058769845914
115,40.02930385532709
116,28.720280467043846
117,18.84689832910833
118,73.08655635746611
119,53.61769546847041
120,86.41315670374627
121,54.83303655978972
122,51.30411444129943
123,75.78556441780968
124,46.944811215881124
125,81.58942353297188
126,86.1834091808464
127,96.69357006838698
128,59.87398121209934
129,60.385192092961034
130,52.79574942970654
131,22.26137790185616
132,81.63783450570577
133,9.359697273788637
134,46.81233704553382
135,66.84762079824513
136,48.75052166515113
137,71.07066909043921
138,58.71786944426523
139,36.00533864998358
140,99.3148391732113
141,6.402638393438531
142,19.9963869753909
143,13.754061620960256
144,5.132615970188715
145,52.912319028778285
146,98.07589725528726
147,99.6103101517679
148,74.31042483481987
149,81.74052770325791
150,46.8277953982979
151,53.99729471943201
152,84.62967586925056
153,72.73832907140088
154,92.21140792405598
155,14.986753405943777
156,67.69686193697983
157,33.683728947188015
158,53.259350233251624
159,10.411107123001461
160,5.985298377122872
161,50.97484377459016
162,57.51900339537166
163,89.31920815855725
164,5.660307080690618
165,1.6942681702565188
166,7.351335148082017
167,86.06190337470369
168,95.05786473017412
169,94.89861552349994
170,79.28248846407129
171,96.7084434415121
172,42.483254824888206
173,75.88382260754909
174,28.647243610384944
175,25.62754030773745
176,50.56851700622197
177,16.07336973098906
178,49.126316429809
179,91.750512681274
180,84.62627613651804
181,97.63138321424893
182,22.76281647857167
183,74.4117393852861
184,0.9438701144847794
185,73.68665222684126
186,6.884924729584241
187,21.924536281924656
188,11.650497751744805
189,95.97939620289432
190,88.49066182449839
191,11.342355970308715
192,23.803583132899732
193,16.57451140194376
194,76.69881325960408
195,58.77101766010993
196,43.98555421066808
197,99.57953964505101
198,37.7574696592783
199,4.606946191186556
200,80.96641299322977
201,15.482149922365874
202,28.82307889790069
203,88.26608693444598
204,36.762642758262345
205,25.998297303628437
206,30.915455200028873
207,70.96172199808457
208,75.88753566669507
209,10.1989951595293
210,13.206265280489815
211,43.20866541672406
212,51.052694688253354
213,80.24418660389449
214,0.10073703093824715
215,47.5150544865532
216,83.38746293782397
217,22.26123784574693
218,3.0733836359091438
219,74.9098578079376
220,14.71097622293428
221,26.552029487335503
222,57.44382387157634
223,48.68619764709433
224,72.61211102239804
225,69.69922930104264
226,73.24001145186777
227,75.65106888461345
228,86.19180816430745
229,89.64450620309985
230,12.786314727105752
231,76.79022225558559
232,96.10498851535596
233,7.911120987973897
234,96.02848947219672
235,91.21328034349673
236,31.963090679658222
237,12.219029943361315
238,73.50534355945142
239,76.38326445326634
240,3.234553707922838
241,41.11186435097422
242,16.764555045377428
243,40.98679120058745
244,69.39540083718782
245,58.20041585545197
246,47.256126342924475
247,17.156066795445767
248,75.53277307947518
249,89.67633623508668
250,9.36267451123597
251,48.11326043017795
252,88.74124506615095
253,67.70132629230173
254,62.01394235665276
255,64.15890730018224
256,9.197433063615534
257,77.50484824897276
258,36.37678669709686
259,87.15154863443215
260,73.51648468864265
261,39.50099004261436
262,78.86205056534803
263,72.91178869877189
264,24.279189399329926
265,64.80990514544025
266,90.48064771189367
267,86.77666908293706
268,1.9649658581258111
269,17.052029782317756
270,0.3351690147070041
271,57.8150788238432
272,82.14677501878262
273,30.808187116827547
274,15.6240405094338
275,41.53540510720579
276,8.492921687898203
277,93.63517549584924
278,1.7377995943736124
279,0.7458696598364623
280,10.776866222340754
281,90.68745208873355
282,3.091557036402248
283,61.89543837117398
284,62.11070837971441
285,60.287661161166014
286,75.29195370245863
287,55.83480040141035
288,47.03298114620551
289,65.28748185167879
290,6.476614517959023
291,48.456530937408225
292,53.57740739261363
293,69.18371960828831
294,46.92763295479333
295,79.18942102294554
296,91.20892839200458
297,98.73271519002793
298,19.125128268894976
299,15.256454084367466
300,82.47794339745431
301,92.27797120552978
302,46.839366131734316
303,83.26408175580433
304,25.093271618921175
305,7.48851157598629
306,99.08790035373832
307,16.159004671208166
308,13.880000685816185
309,93.19968514479733
310,22.314526228580846
311,62.87684159950202
312,11.99928049299752
313,43.51488938948529
314,47.198605620543944
315,89.28511114484647
316,82.99048219847718
317,26.675804258815837
318,25.404819158681434
319,27.364064117069564
320,1.7233364411488372
321,12.773110786562135
322,88.5561694134285
323,95.77561533162894
324,41.689732415135296
325,59.78364516137938
326,57.98387201121695
327,16.891029453618177
328,9.462163967680004
329,97.62842877157192
330,99.94831446460081
331,17.450900991896358
332,53.26934934092604
333,71.18342358963007
334,1.2435386938411064
335,70.25521128124207
336,27.280271025197155
337,89.37638064156091
338,54.05177837323419
339,11.956041744310298
340,31.168473471251357
341,74.1220632412389
342,73.16927402311173
343,37.856736885168274
344,92.0546690176345
345,86.87532708788527
346,13.693628601586571
347,50.732089981301044
348,27.315504252573618
349,72.22576249694501
350,89.77174583721053
351,19.79754708925674
352,25.318146929998832
353,31.438659323556305
354,53.30287216204478
355,78.65085914029504
356,9.544430244233304
357,70.26286184265403
358,84.01931472872347
359,80.55810614775967
360,64.98976951589036
361,58.214248966595946
362,73.31007023713047
363,96.38712688521098
364,25.565391700617557
365,5.94796349861576
366,89.15858270529695
367,67.44969751298157
368,97.5481331606471
369,59.616435069549944
370,99.07610327721163
371,8.913595165060384
372,52.4207920112132
373,89.5098758749096
374,35.17060353998929
375,3.6233886385431457
376,64.68227885864425
377,92.08458208958929
378,86.32631547877527
379,57.07519693148343
380,29.789919526244248
381,40.88634584148774
382,14.394851401162235
383,76.61747610065568
384,19.655382078079043
385,63.28491337171502
386,18.890908979461873
387,4.628027092963949
388,81.28013165516103
389,95.17426351417814
390,56.071769818848416
391,56.3917206549169
392,69.24306502572435
393,74.41711791441152
394,96.84325461871775
395,3.844984240398841
396,19.266058111855855
397,66.12259613531893
398,27.596756136271814
399,85.6902806860714
400,71.44389305081027
401,17.148477557822883
402,8.164713081019215
403,23.823748026725845
404,96.95245021186632
405,92.98295098664587
406,45.446875645235686
407,73.01937756127963
408,65.61384441672953
409,84.68123309507101
410,38.15133441424807
411,20.094701489245757
412,12.96148581107458
413,79.1996453453031
414,3.492847220892692
415,21.706809906674607
416,54.30048587056356
417,23.88913684020374
418,65.28551061208657
419,19.835992164595307
420,20.81291039948604
421,40.396572901182005
422,73.89896563033004
423,47.39866395245137
424,64.56535219636767
425,79.15612378835041
426,96.83788221353366
427,16.531228256057197
428,94.59104173752017
429,35.11954847719056
430,25.6548660972148
431,22.64225835176147
432,43.06454937476135
433,68.5721796268929
434,94.61114961613704
435,82.02035277212235
436,83.20861358566609
437,6.350526180529159
438,89.1874100718551
439,44.37495251923404
440,30.110758548874628
441,86.32159046244838
442,70.580745169958
443,49.645096602073416
444,31.455980628892366
445,76.84249810732405
446,39.60513180259273
447,23.16282768236072
448,23.15497325523547
449,36.01109872323459
450,41.60796151781514
451,62.330737920535384
452,78.55434785998729
453,77.05527972235261
454,94.61166770102774
455,49.762191736617986
456,9.785067833104488
457,75.19946088825597
458,95.15315930042995
459,79.6115524656317
460,62.71628961785283
461,5.16442441875914
462,49.57494358902758
463,28.101629081642578
464,15.232177288392169
465,39.83451870507674
466,18.752220031327248
467,36.57858531747715
468,15.46663171886652
469,35.641274963688744
470,72.68872440558218
471,25.60570739491167
472,83.49146667668079
473,9.722271456986743
474,17.200964166331477
475,89.99951212300167
476,53.58016438180714
477,88.44484541798438
478,80.15380405172156
479,16.310371615489004
480,46.87010422401509
481,87.86913014809488
482,3.3011435022457514
483,59.52111760628428
484,33.0266473123531
485,91.19513065306765
486,89.72142983204498
487,37.01778992910445
488,54.21618260766986
489,10.507409278821333
490,41.15201876405581
491,76.90707077449355
492,18.476848834690074
493,69.8912211645504
494,71.19006326752196
495,58.31457079180953
496,49.874263240802804
497,49.25232426159869
498,1.152058329882788
499,35.93451861375849
500,80.6755272711934
501,11.161036490960697
502,58.97419529959592
503,74.01234835994703
504,0.7655297455648524
505,88.6520818226884
506,30.3198438275478
507,96.48229575819427
508,52.263901794714926
509,66.4230471888726
510,38.77279926200393
511,59.781975458690326
512,94.38361834765155
513,30.387386445683838
514,11.496467189345228
515,11.793900955281023
516,73.77609253326163
517,37.64673052815874
518,17.97071594784199
519,26.078170600570484
520,78.62563620373815
521,24.79773289842737
522,35.89515515467647
523,0.9540798354560676
524,83.98038510069405
525,71.14340613258814
526,74.24314621843752
527,16.04683985090246
528,89.25614264987883
529,32.209845751676944
530,58.29044856199338
531,73.59571124776191
532,97.47817795513788
533,76.60941368146507
534,43.76419376401066
535,33.68676054881099
536,60.679927380386985
537,13.227502166612393
538,89.94706308379995
539,32.720034570046465
540,26.621956751955423
541,90.09560952375033
542,29.265166044790693
543,26.568588332035592
544,78.76003387870348
545,34.7586856719723
546,38.486088061880416
547,63.50925567733077
548,43.93991213511453
549,79.1007579984465
550,93.90589636277527
551,89.56484373793364
552,59.191090235615064
553,85.25597678700072
554,59.11097566445165
555,92.02309288742005
556,86.74737024028293
557,91.72445114248774
558,9.541822625736485
559,71.33111214646998
560,72.6592689061209
561,99.59756341743608
562,67.76266355178068
563,19.76744486594575
564,18.70291495406947
565,36.15818745049679
566,14.146979691135996
567,20.115010569011936
568,54.52878415502648
569,29.199433522285457
570,92.46256586247146
571,30.09605164743666
572,5.337959301951212
573,49.3395101478565
574,40.55337563428134
575,15.429011413605876
576,71.63535037431741
577,87.9135900669425
578,41.149690787210666
579,60.31174447436106
580,38.49052368787904
581,32.39386286322541
582,89.63217279580769
583,31.41114288886494
584,51.77486883991818
585,57.039606099479855
586,40.426688617833385
587,13.900248569766227
588,23.644551918091437
589,41.56174049849878
590,70.19365603765338
591,41.915184395272696
592,18.5669062499662
593,5.37879353197408
594,78.44149173139151
595,33.02848649640081
596,68.27990767288217
597,85.3493777028981
598,79.05578203438256
599,89.05778999620682
600,4.4981009774837215
601,65.29202347016033
602,53.78476528961227
603,55.31223185610067
604,84.91712088051518
605,39.934241231967206
606,88.75679918485277
607,73.0309283566884
608,82.64184673623728
609,64.5103274733802
610,74.49359837818986
611,88.2245187716685
612,36.70430333908025
613,55.2402273966202
614,28.492974805330995
615,17.92161814209823
616,18.431964039555048
617,34.815243971180486
618,16.0932587996231
619,98.77784146701657
620,3.463192205586829
621,88.1052619823238
622,25.4119854083672
623,32.28412077759144
624,66.13977180636557
625,65.43994313105057
626,54.84007488493834
627,2.576868277315092
628,59.89827442121688
629,90.24365439209822
630,0.3487146665847485
631,49.67257435875902
632,61.75767796995697
633,49.882238112577895
634,62.71809366360901
635,60.818926908187976
636,91.14818148829286
637,12.660286650799135
638,63.389161416576975
639,94.20389810957116
640,28.94153753898594
641,70.86855445039242
642,95.15924661904475
643,25.001415273797534
644,56.32605746960427
645,77.91660606538625
646,65.34303924676551
647,21.95202265291183
648,47.76837796739901
649,14.519652313662878
650,70.9279036271417
651,17.936803833394833
652,73.71718428368428
653,96.35493658389127
654,37.06710992516672
655,38.99162254635119
656,66.66837302747678
657,19.573704424495276
658,31.463387737010063
659,74.84404666361445
660,39.27765059290393
661,95.64660259660425
662,96.5534540780658
663,2.2588398466081516
664,26.187330230147378
665,2.9429243496956303
666,44.747942338241955
667,43.10511218952926
668,60.914265234488965
669,1.2042547486366795
670,99.49142253490317
671,51.66964779280357
672,88.29275686109165
673,97.0815321751638
674,12.99065069076839
675,14.615013866736303
676,66.63068056102043
677,94.6292820803033
678,56.50161477647803
679,54.07437902159257
680,61.635745869473205
681,86.18085258957866
682,24.3863171197379
683,79.57248407005274
684,83.02861957346097
685,69.07735138451037
686,52.55001386010419
687,88.9534817476722
688,99.01632305665682
689,22.3863806546064
690,28.207956822849
691,11.405643715823777
692,72.79038461528386
693,41.77574587972522
694,18.431538931889236
695,38.09912155284876
696,11.323523011874537
697,77.91632250737379
698,8.909408461724622
699,64.32795125512641
700,98.66145835994347
701,39.580034479931335
702,75.54759567736605
703,1.672628442584112
704,80.94695779818942
705,34.25436506250893
706,29.728360781401896
707,27.397504239883254
708,32.394671041644195
709,24.389865824550316
710,87.3342251231502
711,4.564743606102617
712,68.6301408441373
713,29.57919103194352
714,90.60962514260443
715,83.29962944597213
716,0.5407970174288734
717,78.90128724472049
718,83.93490536596607
719,55.09018830131902
720,72.94129107877697
721,55.646240162936245
722,42.858436743367015
723,85.68713196109495
724,65.3783950312986
725,7.713782502095223
726,4.270728157081183
727,46.97575404203093
728,87.70984208026312
729,12.090074948006214
730,92.00166548404361
731,20.96997764395492
732,60.57065220527939
733,84.43771361661048
734,73.31374755858681
735,81.02229128780445
736,90.48271754731829
737,63.78785917655914
738,44.30219711889376
739,47.567050124266196
740,14.361736914386247
741,20.277589160404997
742,15.664517056329641
743,56.30577757225791
744,68.99804226023272
745,25.91345929501382
746,91.28962969512966
747,24.062149376783147
748,4.965112692195728
749,89.59363084820417
750,2.5067270688425958
751,65.8297402271147
752,5.9352240650626715
753,16.859621691372904
754,96.18660953001546
755,96.18552047275752
756,92.8827034810586
757,41.010938176209876
758,51.23859215811121
759,55.54865814880196
760,70.32557669117135
761,24.8890049031291
762,99.47558321405883
763,39.72847340158737
764,71.66965383005326
765,25.68154675352079
766,17.384856472899955
767,85.08826208476853
768,26.614115581041954
769,32.92272584716773
770,25.27086038277393
771,65.50287572071642
772,3.2065166193083083
773,63.07617365694561
774,82.80878359489921
775,37.723213572622264
776,28.873726690830015
777,99.63348399694011
778,92.20632351016407
779,11.341324389556407
780,89.88721167090998
781,2.2229891438473204
782,3.160684859976337
783,60.53879194139405
784,49.59301227872809
785,42.74482085177521
786,5.884748184289679
787,40.309040095541334
788,42.029166371122336
789,2.020112399142149
790,35.71699688319065
791,87.56273629752678
792,52.13608481020313
793,80.88050459053294
794,80.75561946482556
795,77.4247533782288
796,55.421069721065166
797,41.30846311885262
798,46.870261275795045
799,63.84901370335842
800,50.83295012694512
801,81.36429016824044
802,37.08986389920249
803,41.68352891784124
804,46.61757906294872
805,47.71793704497734
806,88.43072717934874
807,72.05982398320543
808,18.971485053961956
809,34.83642503621284
810,91.1287587959512
811,72.40364169564185
812,62.174047301049704
813,83.90870053854992
814,4.792288347989649
815,61.40969880084618
816,24.14838572246033
817,61.930248015046615
818,18.236627498872103
819,8.361097254933014
820,21.2995009062796
821,4.2780358909561
822,42.86322881909012
823,18.168791836769426
824,1.0645311569875027
825,88.22815703543418
826,49.26655228430218
827,95.84501361586881
828,66.68332075953899
829,50.49096665893309
830,68.36570776297887
831,51.901445353308354
832,24.61143696861289
833,47.78584585148382
834,73.3139385452528
835,92.04384488197711
836,53.89328386344063
837,89.37076183299652
838,60.724019214303404
839,8.31139060326852
840,48.08551016720652
841,70.48228852012582
842,39.0670032407724
843,58.856584156725376
844,32.93969823193987
845,1.71657249842867
846,74.46856651521455
847,91.32462848125964
848,32.46820234589518
849,18.266850763180244
850,82.5376864651568
851,67.37012169616435
852,38.268325787043146
853,37.55322524398639
854,25.223674832554966
855,50.32296970113413
856,40.79639721674698
857,39.96588185041905
858,6.00518953703374
859,76.37111611466015
860,46.294708681952365
861,27.145125518533675
862,55.467153146144646
863,94.82718070940696
864,90.11948540676464
865,70.39195949622184
866,8.833816097497815
867,76.20380444580368
868,8.40617427246354
869,90.48878262106172
870,10.65199202806345
871,56.77991123952067
872,81.03202207404178
873,20.77052013489037
874,65.18156415853724
875,55.51460722779906
876,27.61984728736101
877,47.03544302891204
878,20.179104953923055
879,33.06672096853119
880,89.60462831688089
881,93.40837394184537
882,97.02698615680173
883,90.96215396575428
884,25.84047843026823
885,16.336620584217997
886,79.94971725927378
887,52.7807026173496
888,72.63337145625472
889,23.165103508821826
890,91.49103793192327
891,5.644384922120649
892,83.7650390709502
893,26.088241545914016
894,61.080659991867925
895,97.39141788137273
896,84.1668027204111
897,74.85791704632653
898,38.11748382010073
899,67.3675145692839
900,23.268169857236366
901,5.61508780998995
902,3.309230798535201
903,47.312936141674136
904,51.93990719319926
905,60.87565008759264
906,47.71529795645484
907,43.133551893571486
908,41.14610698108838
909,39.594820445310496
910,7.37732162862057
911,64.33724851705279
912,33.744092902795444
913,40.23687623813389
914,87.57102636338018
915,45.574458741503236
916,46.79520949128836
917,40.6751251720402
918,11.91093604177974
919,82.56581702689343
920,83.1300465137268
921,57.04745589325939
922,68.5615696528988
923,1.2363967990403735
924,73.81731436438392
925,38.563434319442855
926,2.3527186903429254
927,18.049218015402335
928,14.208336236867646
929,81.07547694018315
930,76.59360906063567
931,77.371061461554
932,63.5808244909089
933,52.73426619030971
934,51.21414301278659
935,10.545809965248177
936,15.89259939984473
937,98.29874086310045
938,24.148821941830747
939,95.51429962713071
940,44.93715775899684
941,3.0549657953300113
942,90.11949393512027
943,87.99482004548999
944,11.58558711363452
945,32.4748896097934
946,15.896801166673914
947,95.39221852216002
948,71.69634968996847
949,97.45767344554432
950,68.66035745940974
951,50.37939274352934
952,60.69162958446396
953,51.61161096201098
954,95.08819812914908
955,12.697998811824384
956,93.35944455055096
957,73.44561533090605
958,3.0092250269177168
959,27.81511108485496
960,75.98673794561358
961,27.920566458228258
962,99.42041601676344
963,1.565561509203106
964,46.88276920394162
965,29.905560354261375
966,24.35679811167144
967,74.2905562925255
968,32.924582102626665
969,43.08802319199819
970,37.60074634852746
971,52.44955221505063
972,10.88156534699516
973,66.3596178268812
974,29.75079427059929
975,55.31500308123728
976,78.52539020815564
977,52.3609397318343
978,42.73854918890787
979,13.925414950104164
980,57.92464680097997
981,8.33253413403422
982,61.933960118917454
983,61.42529629111992
984,52.3575035673835
985,27.437699177354702
986,78.3806323387527
987,91.13954866897514
988,43.21262973261902
989,87.1474984086969
990,43.75384771757906
991,6.0035961167500655
992,45.936410089077285
993,2.056498335928958
994,60.878015058644216
995,65.00472458830203
996,91.12973484452046
997,39.6253324021393
998,12.483514327057366
999,25.43665850475989
1000,25.654292193898065
1001,51.741654463007066
1002,54.250388692062124
1003,28.81084766591333
1004,98.6691958034553
1005,19.162778523798927
1006,42.64476388009252
1007,83.50048214190716
1008,28.60390635006732
1009,49.144732745238805
1010,19.38943455490746
1011,57.49058787218696
1012,20.76477327700168
1013,77.9977429987858
1014,43.12102535608893
1015,38.56162893566842
1016,95.83377794682784
1017,85.14147569514901
1018,11.06770427349204
1019,76.18847981017545
1020,38.25058727440679
1021,33.64879632091343
1022,44.85026421385848
1023,51.56454776362239
1024,59.71847176518187
1025,7.3018184396143155
1026,36.89290433076611
1027,66.01564123377977
1028,61.7816128766691
1029,74.14253408270692
1030,94.71884301953928
1031,96.6836677619183
1032,5.81210113414703
1033,77.51626850538777
1034,40.607872223971384
1035,64.94222736128958
1036,11.670674406758197
1037,98.84437079547476
1038,8.43489822497604
1039,17.4435317126333
1040,98.83432895896684
1041,13.530515462903804
1042,72.76004287106878
1043,93.78766679680011
1044,79.97406578277997
1045,85.44419851236556
1046,51.7866827806169
1047,10.508626371036733
1048,67.96365124786745
1049,41.3675774089739
1050,31.808771340924658
1051,98.57568959570496
1052,44.95721387118158
1053,62.05466950496804
1054,23.53359570436353
1055,24.36541849799445
1056,8.527751947831986
1057,18.05200995588152
1058,15.065687088274938
1059,47.173632021225046
1060,32.71731485353308
1061,69.84741381721294
1062,28.805593329348365
1063,11.20700913850512
1064,58.55770402718483
1065,72.36624515375588
1066,85.74992613409071
1067,42.33279231437761
1068,12.699113834107056
1069,86.49734191142923
1070,58.15337271557257
1071,46.20777540157314
1072,98.4792232165219
1073,49.878058976745486
1074,20.054187423501734
1075,93.2215009182745
1076,2.1971386319103114
1077,34.31574498002601
1078,14.930491425266323
1079,18.182328825392467
1080,96.38925348311419
1081,52.700502359409086
1082,86.13348488857285
1083,55.62097077660606
1084,42.14617777521201
1085,22.90584631471626
1086,4.436118586453642
1087,76.16525081026052
1088,80.05653605187678
1089,22.67237080538719
1090,85.81883861600551
1091,86.94569949217328
1092,62.12981728090728
1093,94.98056532742997
1094,64.35067344599696
1095,18.05370707424122
1096,46.84247300244198
1097,46.910600973012336
1098,6.272480442186101
1099,45.61092150626583
1100,62.36848642469429
1101,50.039051552276206
1102,27.482056031374068
1103,99.84573279789092
1104,45.03069811749846
1105,36.130546793098375
1106,40.81758230600266
1107,96.73052249686404
1108,20.955282461531134
1109,70.87313233000665
1110,84.50821587773827
1111,19.20585754521287
1112,70.28227282050632
1113,91.39488829537186
1114,75.78045997605787
1115,85.1751599193243
1116,85.13435696131472
1117,19.470899654549967
1118,56.13580416316102
1119,64.0246434842592
1120,17.148090041225306
1121,50.049596698193554
1122,37.14568093191445
1123,71.22682643895959
1124,79.11625539353709
1125,61.346819174726676
1126,66.99572301666956
1127,26.293759759205983
1128,94.17275041174604
1129,25.440847406732015
1130,72.26958537276727
1131,37.27278313922253
1132,51.396512338890844
1133,52.94090032985024
1134,46.825339161313806
1135,10.812176781873518
1136,75.0356187225958
1137,48.574980523342994
1138,51.2462812674322
1139,61.08441404527463
1140,13.666520458025754
1141,80.96212444822022
1142,66.83533751523622
1143,75.64780415388694
1144,37.813605345709156
1145,39.16091584873336
1146,82.00991686482942
1147,31.7712928397458
1148,24.38220506384682
1149,49.07012258561492
1150,47.19166247356018
1151,94.92004093287098
1152,60.60181418403763
1153,18.861251321558292
1154,63.359361302761386
1155,6.75633420829903
1156,56.66647793939196
1157,21.29496695317422
1158,4.553564824024681
1159,0.9486754169425904
1160,33.88937961465752
1161,8.561155298912759
1162,28.49435942266869
1163,44.95237045666346
1164,60.18731698511202
1165,26.72724380818795
1166,93.72774353276617
1167,74.98319336731699
1168,67.29683417577989
1169,65.24914358401948
1170,1.2556186090969534
1171,59.18656665971379
1172,96.2448533481642
1173,90.67429119415125
1174,75.45724826952751
1175,43.34041354261653
1176,85.29942758384837
1177,67.35682354727362
1178,18.848088601686307
1179,89.62317259807861
1180,46.130297174840685
1181,60.96923981547874
1182,62.93797223077644
1183,65.48266879067384
1184,98.3349957039915
1185,1.0373019407001638
1186,17.620488095189792
1187,80.04856356444418
1188,65.94165895287813
1189,68.1491822014846
1190,96.8509737518565
1191,5.046439958220095
1192,96.03846688066096
1193,88.70363256873766
1194,55.930173162029185
1195,39.4725724004499
1196,89.41972883122953
1197,54.016079619597356
1198,89.59950548827373
1199,88.37627838522268
1200,14.916706551473268
1201,60.737138607370234
1202,98.5181695227812
1203,82.57772848316884
1204,16.194597185450775
1205,47.885500221443955
1206,0.5525039987381297
1207,65.85035388497609
1208,25.471625421487467
1209,59.85193116324626
1210,70.06810577238755
1211,99.36712554330872
1212,63.23747178949447
1213,45.963977018578795
1214,34.363773007677565
1215,93.26357868676044
1216,67.479289331369
1217,7.129353462752919
1218,50.94109463575837
1219,84.00111337888885
1220,81.94424009277121
1221,55.17107970883549
1222,72.99857183155059
1223,64.9831783127506
1224,96.96903005421032
1225,83.30386731284176
1226,96.5744201735601
1227,15.714689574400154
1228,10.23064520646033
1229,20.805902214495507
1230,45.0264481067058
1231,53.05139201543621
1232,51.85301478440597
1233,41.92766535586774
1234,65.47794292335676
1235,74.8975160948117
1236,36.35251828589371
1237,25.445597405473897
1238,26.26565920538263
1239,92.79513981170172
1240,30.122799662670996
1241,51.77807266738677
1242,31.001480092375854
1243,57.121229377906445
1244,35.61187952849158
1245,99.64219222415824
1246,17.798453605854004
1247,13.170932416625014
1248,19.5125272061472
1249,88.02963563111018
1250,70.08773848973856
1251,46.621891930501235
1252,49.2550108178667
1253,89.74910720789379
1254,11.994471136540085
1255,39.97902117654261
1256,30.692433601281998
1257,10.634427821511172
1258,22.214494023344045
1259,89.26174302293639
1260,89.60238537918397
1261,66.38834823453688
1262,4.163985212502663
1263,87.07054004948426
1264,96.4961612669661
1265,36.37204381287184
1266,71.88693088988609
1267,80.68271787408521
1268,68.05591880890368
1269,80.5135504208964
1270,13.446875954427783
1271,91.56397014735371
1272,22.335659548233387
1273,53.39507879398751
1274,47.603517377140825
1275,29.44392834071039
1276,39.56715288717025
1277,7.3885795230918205
1278,31.07735829360685
1279,22.290444092769455
1280,12.175586592679332
1281,50.260777393526055
1282,25.44506437305075
1283,59.341525569733975
1284,86.00085937703362
1285,10.235415812957704
1286,43.78338937338937
1287,77.34674175582865
1288,97.16112686200088
1289,37.35584134855123
1290,8.688716375603411
1291,8.616208307513451
1292,7.759166423636943
1293,45.26635386829254
1294,18.38552406434798
1295,53.431150547035855
1296,90.71335752078124
1297,84.59943844684868
1298,97.17647455671151
1299,47.13168888663903
1300,42.68535167466874
1301,58.381855766110704
1302,59.76863041942148
1303,12.987682899975916
1304,24.519561331294447
1305,24.207213315167962
1306,18.8949585921525
1307,64.21403553955264
1308,36.91791542793109
1309,75.33831556187502
1310,13.10367011272623
1311,18.90708608668121
1312,3.6450276866297537
1313,51.27435378514278
1314,57.70348460070822
1315,56.47810903698891
1316,48.76991654374058
1317,40.32790253057888
1318,38.07442338749977
1319,86.8252941308646
1320,53.219530508384
1321,73.97487034294474
1322,9.681474797482503
1323,24.025848680802554
1324,1.5111825094696885
1325,94.6292237064389
1326,59.283714655172915
1327,81.37377268371259
1328,51.10118532814325
1329,22.627672790903897
1330,21.357382461332396
1331,16.49905571695829
1332,14.729777110798992
1333,65.76921967754406
1334,55.55302592331982
1335,77.57148094297126
1336,94.15305995964268
1337,76.95032302420051
1338,10.83876737890308
1339,4.924836293958679
1340,37.23420883771846
1341,97.37326758252782
1342,12.539581976023273
1343,12.593664382832104
1344,47.38043841195252
1345,4.652739325995681
1346,42.71618009671357
1347,50.797658779608504
1348,22.357096442013912
1349,29.97992018557455
1350,47.49427996256055
1351,32.81768113897743
1352,2.1433535745485455
1353,84.27964201684043
1354,35.35287596805261
1355,50.29021824593728
1356,20.96582919200477
1357,36.604107814241495
1358,39.207299951724764
1359,80.5062946528263
1360,63.99247459997598
1361,1.0376755071141774
1362,12.039504623305032
1363,77.8809005268835
1364,67.64747697498159
1365,23.53363733851649
1366,79.02319264154042
1367,10.963915625257336
1368,73.79478172869602
1369,20.01133610556759
1370,14.10393511897976
1371,94.5870826431671
1372,43.13767335337905
1373,85.70234485751902
1374,69.58313393996114
1375,88.84981412505132
1376,4.604731016285612
1377,27.003075559755906
1378,88.67927839207753
1379,62.766877516654816
1380,71.9378408291574
1381,43.51372018568293
1382,78.51256043920205
1383,25.689944525256823
1384,71.171854901791
1385,29.777783097251053
1386,39.773911537708614
1387,26.883182587586763
1388,93.91132774472258
1389,92.99114902070698
1390,24.094648672524144
1391,40.953246121968576
1392,88.13674774351436
1393,20.765273343091707
1394,11.580167685672937
1395,82.4553296430698
1396,78.32046304146638
1397,20.92454740829206
1398,17.247976983843706
1399,63.38530296405022
1400,3.2167323966442063
1401,41.95406229101557
1402,32.132929019542644
1403,99.87603015437608
1404,47.47067294468431
1405,2.510889567891861
1406,9.406576703585777
1407,97.29620558968861
1408,57.17090347948498
1409,99.81264741196323
1410,84.64242241822896
1411,0.7738661747765163
1412,44.06302380997737
1413,86.61790032813354
1414,35.29548666982784
1415,97.9560398178841
1416,77.5429775911929
1417,72.27374253875976
1418,23.48966352414642
1419,73.68642207008241
1420,51.9621006135892
1421,42.65995174530113
1422,52.732193834904336
1423,60.3281422488214
1424,83.48478996573674
1425,98.7882649227679
1426,93.05338674997705
1427,20.538729977311377
1428,86.68310840376698
1429,41.956370224895046
1430,83.93269838937908
1431,88.30671754616878
1432,55.064425211801904
1433,27.18895028227637
1434,61.628257423024365
1435,23.196414820342536
1436,94.34740119125983
1437,44.45927623234023
1438,20.06661009159143
1439,27.816029156109234
1440,48.37091014645812
1441,51.96144333888261
1442,90.86999532639842
1443,15.888162206511891
1444,59.65626542706154
1445,93.88829871800965
1446,64.78635101100805
1447,7.187990061427374
1448,83.27738298727539
1449,40.05088332132758
1450,59.417749086783935
1451,81.7781482591132
1452,13.189080864282765
1453,0.6885514036126139
1454,89.70981023234565
1455,4.3512115460559775
1456,93.42516107527962
1457,97.0866898861807
1458,77.76107059679315
1459,50.17402621775986
1460,61.54104966530263
1461,74.37529512155365
1462,94.50253500627818
1463,91.53913206363912
1464,91.08341401205305
1465,48.663042206251674
1466,89.52861803309678
1467,86.13012256451799
1468,34.69474327360711
1469,84.66983284389002
1470,62.51122058328846
1471,25.026463209946947
1472,49.82472675035569
1473,66.54457307444193
1474,19.77578546426194
1475,64.57355908784068
1476,55.55788230324335
1477,1.81144431429896
1478,57.61690469824882
1479,82.54757714027488
1480,66.91582859403678
1481,64.9486390649587
1482,79.16715447496088
1483,60.37413035935638
1484,87.94696932239002
1485,76.8297940868126
1486,56.81366199859623
1487,93.71940130955339
1488,28.058501945169002
1489,25.423708388620458
1490,38.65891624749336
1491,5.006496979011333
1492,56.63987542651102
1493,42.677801932062444
1494,89.59419084966194
1495,60.83327169849917
1496,38.36768272832285
1497,80.5865075754705
1498,43.977734680004964
1499,36.24697308544952
1500,52.7178943128075
1501,65.03672293448979
1502,27.131562063581217
1503,11.777430781470134
1504,34.4393569098959
1505,77.40992359949183
1506,97.41913064913767
1507,89.59869423198637
1508,16.56048443149899
1509,8.15667191165419
1510,78.85057931098041
1511,93.30038903632143
1512,12.867272272713592
1513,60.44194721360153
1514,10.773877951594923
1515,63.389708763451566
1516,8.881945989313278
1517,52.22273132689331
1518,69.46160090331321
1519,25.370686115292706
1520,74.32678003708502
1521,26.415024288542632
1522,97.48698867262745
1523,67.64706404901152
1524,71.26180101159201
1525,67.45062095034474
1526,43.28760396651976
1527,98.8486519549764
1528,83.24150685679348
1529,33.84396578985136
1530,87.35309523996929
1531,45.86197073428673
1532,65.12945935716662
1533,74.77397322969432
1534,74.2746095847079
1535,60.52098928385138
1536,78.49631514589522
1537,21.32588345659667
1538,16.381608263659263
1539,54.17371612481621
1540,83.37905623480873
1541,26.350954847553076
1542,19.702234906243575
1543,42.711027030084104
1544,65.84297173270151
1545,10.425191048464754
1546,89.29192962841162
1547,0.9551419541839468
1548,88.49260598180976
1549,59.770594627889594
1550,76.27950606134971
1551,81.27377626445494
1552,39.31293494654462
1553,98.4221265935162
1554,79.6439610795701
1555,60.788248033481175
1556,9.272372994343925
1557,63.294662642062086
1558,58.4657701891703
1559,99.1975803254426
1560,81.58343922866368
1561,29.650901130825467
1562,11.84514014304735
1563,0.18009280231534586
1564,36.18296662155993
1565,65.16158197428746
1566,42.48175512916579
1567,2.3123543347054243
1568,31.53658183997535
1569,94.01521305666974
1570,65.43733137949668
1571,88.40087458650862
1572,94.05541457735069
1573,96.88383820529279
1574,45.52553085885227
1575,67.12224736516183
1576,16.248516955212988
1577,98.3462988411592
1578,6.72624973098892
1579,62.0914574330222
1580,66.90377957957048
1581,43.51094355076148
1582,3.922592724437779
1583,22.397747145748227
1584,88.48140269199499
1585,45.719767829215485
1586,77.79923323927294
1587,66.30365000841837
1588,26.920893699472092
1589,55.76681249184765
1590,85.22380087243157
1591,25.22931436716217
1592,24.70939484251815
1593,74.7862023174633
1594,12.042646637560871
1595,91.90398533012255
1596,23.428922612610947
1597,42.63722599697156
1598,8.551383769555176
1599,59.62656207224817
1600,37.020268658526525
1601,34.72055951807563
1602,75.11717456130769
1603,61.24038352934461
1604,48.41577099103429
1605,42.32355622889524
1606,55.45472889707085
1607,6.108892701103086
1608,45.88777727873313
1609,1.2846081735474413
1610,40.35672761554569
1611,70.03267080446236
1612,81.80718156037507
1613,33.21653350457014
1614,10.801380155109586
1615,46.66159435602532
1616,66.21798898277036
1617,46.558601274620614
1618,99.6722847830812
1619,40.168822872927244
1620,37.87085008996475
1621,27.614179386119552
1622,68.04186820015573
1623,15.380258103732658
1624,37.220472094673674
1625,98.50679409054212
1626,30.05490455537423
1627,64.63597660437394
1628,39.6620674609567
1629,29.752466027580816
1630,16.018384922309437
1631,59.1262690114725
1632,4.897365267938647
1633,31.57307824645602
1634,94.49808326843491
1635,76.27002304378718
1636,30.714321498627505
1637,48.27327686726528
1638,33.218774699010154
1639,27.14397986779722
1640,12.203718629592375
1641,81.46267602292228
1642,95.43801547477719
1643,43.359945249374185
1644,0.7156154130426695
1645,94.26007770546924
1646,43.01837424775196
1647,91.29863935588017
1648,44.39620863411044
1649,72.12466290733991
1650,99.17673163551304
1651,90.3751712743203
1652,83.02643581392245
1653,59.2694074066993
1654,32.18787553745655
1655,92.74009516461086
1656,54.004504463338286
1657,65.15101566037826
1658,90.74943832021314
1659,1.4688600558135478
1660,14.994683828695244
1661,99.76203275691503
1662,3.2642132801805834
1663,83.88520119793849
1664,74.14843936161813
1665,62.861196307193765
1666,11.21928481751253
1667,52.41472759801991
1668,74.93902225509265
1669,98.9359729767235
1670,63.705716558526724
1671,47.72355292985182
1672,35.68747717237627
1673,27.527033347420506
1674,2.8275478064931026
1675,79.3887629298023
1676,1.8084545531399487
1677,31.429346061407472
1678,88.73583925375306
1679,83.21269527832752
1680,32.45736429130878
1681,68.17048497032911
1682,86.565943467282
1683,34.26028316122376
1684,29.49032066120647
1685,5.72591469318684
1686,93.67362545859922
1687,4.455855756555261
1688,59.59616498940869
1689,38.14328995000798
1690,68.21874907653559
1691,71.58571681588195
1692,62.09502412530807
1693,26.19668434169059
1694,0.13294968318743328
1695,7.518872879372651
1696,94.10354506890674
1697,13.031786874423446
1698,93.48871194675769
1699,23.056074139907167
1700,56.26371694414277
1701,88.45833435066834
1702,37.917984816351044
1703,7.705949127729184
1704,89.45655385049696
1705,3.7695226452801878
1706,5.861624704472512
1707,39.358857363665464
1708,56.06975504174221
1709,48.02170623832804
1710,49.86321636369991
1711,81.5980610194882
1712,12.825767632919916
1713,39.64515727005905
1714,24.767676983001852
1715,60.46447847621405
1716,39.94809589127408
1717,44.79173996788942
1718,15.086575395092694
1719,43.004029580042314
1720,2.6928664006031666
1721,82.70763102182559
1722,59.22062215314495
1723,10.756759599789223
1724,99.67843562612853
1725,77.18646067495848
1726,65.05174205015874
1727,6.238942856087082
1728,72.18110207203452
1729,57.038644460323475
1730,59.99925022030899
1731,99.7541079485473
1732,83.68040282573101
1733,36.34715075777344
1734,35.045449157719396
1735,50.74685992208744
1736,74.1231088176607
1737,53.45693251032021
1738,99.10829846463989
1739,20.409882488432608
1740,47.706742381517486
1741,13.640695317195117
1742,16.06558618252819
1743,67.4228279678316
1744,26.496722729007516
1745,39.9873114968745
1746,17.422470507673616
1747,5.7774132905824676
1748,69.43206122434705
1749,52.19272438229768
1750,63.075697093957714
1751,80.81725479206914
1752,6.378746374017696
1753,91.56450595562521
1754,93.18837390418501
1755,46.87391560792774
1756,45.51488806647356
1757,14.740554625783709
1758,64.11674499649051
1759,90.74085177062932
1760,83.56029613634487
1761,41.85424264108669
1762,2.24445360204667
1763,58.427601765543336
1764,55.730202451645006
1765,39.657285705384304
1766,63.32047746532097
1767,11.809249809788923
1768,70.27622525981593
1769,82.84069980811037
1770,61.12384134273171
1771,77.83260077060157
1772,79.90586184414437
1773,84.81443148643292
1774,15.052172364110493
1775,34.55183972710433
1776,50.59280253376712
1777,67.5317207226559
1778,38.135240923940195
1779,47.602488750972825
1780,64.01146066541695
1781,0.6154290332273105
1782,62.852487738525454
1783,16.37700708938763
1784,72.60042183242471
1785,22.402632596331983
1786,72.66852662712236
1787,15.427261665650827
1788,22.41501947152922
1789,35.41037380692854
1790,72.39192124313954
1791,68.67981948190024
1792,99.39116502773845
1793,43.26205150976882
1794,97.53604766239448
1795,30.79199628106042
1796,30.145570061311687
1797,25.16719927264529
1798,76.54618923123935
1799,25.11785527419973
1800,90.00111564562407
1801,11.531959725111529
1802,77.00001818058809
1803,2.859944491306954
1804,68.6681229257272
1805,47.06207819453786
1806,51.4979969513747
1807,44.701778663497585
1808,27.527129927913553
1809,46.5847097716804
1810,84.28465274624418
1811,34.228492397860535
1812,44.33321210395648
1813,69.70224209126266
1814,96.957526990784
1815,53.18638111081667
1816,32.19159849473952
1817,26.3651353885628
1818,6.95102726343425
1819,86.89879151595649
1820,65.91078403454847
1821,0.39013309022799536
1822,66.14898216533891
1823,37.936495200678536
1824,58.32629746672195
1825,58.720313554467694
1826,5.964918952581688
1827,78.4647125778655
1828,64.76761176379662
1829,86.85129202213295
1830,81.10215252612693
1831,54.23117263845916
1832,1.8669305052297802
1833,47.12083308496321
1834,31.100856833446855
1835,44.14269561024954
1836,71.86463460123035
1837,86.91859891250118
1838,78.39089912217332
1839,85.99963956019064
1840,50.162386963130444
1841,99.92529509709583
1842,68.62675515957366
1843,43.17752627229359
1844,39.979235108795244
1845,14.557747148515487
1846,76.22449714784088
1847,41.57975872824133
1848,42.5048096598783
1849,63.33604518731357
1850,20.426006371193395
1851,5.177540878792797
1852,38.775346890387176
1853,24.859851265682643
1854,26.1146554769898
1855,9.65450510976117
1856,90.81655591096558
1857,15.537472038521482
1858,72.00601787893484
1859,21.62320933676004
1860,80.23569422785488
1861,70.62127610579563
1862,7.364147882115213
1863,50.76462832730401
1864,29.244292860568578
1865,89.06704021866945
1866,60.5981204243231
1867,82.04624509680731
1868,11.476885245586988
1869,55.122937077144506
1870,59.41557498596048
1871,68.1505252981386
1872,76.11020985900396
1873,2.498820965900428
1874,99.33951790344064
1875,15.570510487374067
1876,99.98652816677638
1877,85.22838719536867
1878,45.365617733624084
1879,98.381151204997
1880,92.64606325545047
1881,35.84118605164976
1882,6.704190207325333
1883,63.83030466767211
1884,24.77550747024174
1885,93.29938645752763
1886,29.813557145921553
1887,38.84317234936804
1888,70.78381389817523
1889,31.51870587914818
1890,16.61784358830445
1891,4.847124427375682
1892,78.84511803914356
1893,5.7346539417416516
1894,46.370253565170785
1895,90.5642570796808
1896,74.42110322172962
1897,33.55640842129177
1898,0.8672372090528402
1899,65.3727118139042
1900,18.3667603474573
1901,56.27532715094815
1902,24.63354022693718
1903,23.27422842371869
1904,47.94959248352726
1905,28.746999704477304
1906,59.236585033205145
1907,78.06399599669412
1908,58.234530627813996
1909,43.427755355830044
1910,9.161635261452217
1911,21.482396506619395
1912,99.90389548605367
1913,88.55692158859465
1914,35.22764063016438
1915,67.03412874911344
1916,37.72145639720126
1917,5.5060796589818555
1918,2.305974243527964
1919,33.47441930320615
1920,68.93649749183166
1921,49.00743438594453
1922,94.64978939137812
1923,55.733830430936
1924,0.13369895852521907
1925,28.086542650299307
1926,84.42016401143633
1927,64.97417002853021
1928,48.57364940379908
1929,48.527885237010814
1930,21.689564225759018
1931,20.324290178951422
1932,8.18642290093987
1933,30.31654676523665
1934,99.13961469800056
1935,96.37666613565149
1936,56.57647374817294
1937,45.84228760459581
1938,23.727626019842816
1939,89.11284200171154
1940,67.72141728259714
1941,80.15838354099843
1942,34.39914255227037
1943,54.47305746057235
1944,88.50534162981567
1945,4.496059147709818
1946,39.01019030677191
1947,66.77510773903938
1948,49.84653981175777
1949,27.142970950886912
1950,63.307569180099165
1951,59.57395614060324
1952,18.695990733927538
1953,5.181903257755838
1954,60.80791274677914
1955,10.427285452104694
1956,11.152684647869581
1957,81.39924754420223
1958,19.649351231461576
1959,56.45267001252371
1960,49.619118532458586
1961,80.7869157073616
1962,79.17487274270286
1963,45.40418644619596
1964,48.40408958753882
1965,16.905354208280254
1966,50.260025845190114
1967,92.86289335468187
1968,81.51800604995078
1969,91.72531875341116
1970,84.90694788515066
1971,23.37854235132787
1972,60.75253478255852
1973,59.22344376756647
1974,85.30790324499374
1975,80.87015812992408
1976,97.56235598993418
1977,73.10736801254039
1978,41.81270513964683
1979,23.80480891478434
1980,29.248712827999046
1981,57.57256850310154
1982,26.552150817759912
1983,82.16327621928433
1984,33.78500596967301
1985,0.9291138648125252
1986,49.818475364138074
1987,35.3210349671943
1988,60.00395402386538
1989,62.87946391080887
1990,35.06606889151737
1991,95.57819148267781
1992,76.24863827240014
1993,36.897037449107806
1994,33.20232951264622
1995,12.417492973314136
1996,67.064729101193
1997,8.131683819734537
1998,61.53446192171911
1999,41.0844132323439
2000,82.62879298882287
2001,38.96239058232908
2002,26.54780762950687
2003,9.493012336136964
2004,83.07810214352826
2005,10.328936954282696
2006,49.4968672649288
2007,42.264166460900135
2008,17.401641080789876
2009,48.941297380932234
2010,68.67633071120981
2011,1.4456925509809926
2012,46.615594704043126
2013,69.28921009221197
2014,56.90660959030256
2015,63.981431757734406
2016,72.88835789280465
2017,84.89799552228983
2018,78.68756174369663
2019,55.4575649746473
2020,19.698261898663016
2021,42.628296495439486
2022,82.12160338732546
2023,96.76790079307115
2024,36.42709803030414
2025,29.202429881210236
2026,32.056219767928084
2027,22.334358945923817
2028,16.30916638369032
2029,3.5213247913885137
2030,44.99055606520791
2031,37.825489004923796
2032,12.424233939157281
2033,35.21709325440722
2034,3.0908124878871623
2035,45.65998270914346
2036,80.4086126670905
2037,52.46400976294006
2038,88.72731227733024
2039,91.47861652032447
2040,47.79424521760768
2041,11.768187054698853
2042,22.054070022159245
2043,93.34690566320182
2044,49.29584325787736
2045,97.05042709279336
2046,84.4975516582717
2047,32.277722663991185
2048,68.14105401485831
2049,43.285815499677895
2050,10.42673542147311
2051,97.76921163463693
2052,18.436372342659112
2053,60.11400724424504
2054,2.5175693749059813
2055,56.7962904268177
2056,54.565634333624466
2057,21.212459186856936
2058,82.46643124620398
2059,84.31943805286662
2060,61.21881869460687
2061,71.8956688973747
2062,98.03827444531754
2063,35.881986171407746
2064,46.810329109798545
2065,22.147413827531658
2066,71.1650652456802
2067,9.940034659194074
2068,41.77937366134944
2069,69.54557766978719
2070,55.001163506810954
2071,55.87021447765256
2072,68.92779296462102
2073,63.772140510620666
2074,52.65888834592957
2075,36.995450086546114
2076,9.603292834978461
2077,85.75371379839306
2078,46.81515631369311
2079,18.655172617381034
2080,26.28338360282787
2081,27.32855563873273
2082,2.159016927691182
2083,40.6983213907093
2084,6.665054509202307
2085,13.862137630614779
2086,46.44620990480258
2087,61.26569098208902
2088,75.6789005869964
2089,35.48607482264475
2090,14.197074791310172
2091,71.55004171214016
2092,25.980869397670393
2093,2.217687268975055
2094,38.529030936569875
2095,81.89629323967482
2096,98.5563419981008
2097,17.19771168486822
2098,99.7175002601119
2099,86.54417069227583
2100,85.64051874869004
2101,0.6294035473909831
2102,88.03514942372452
2103,94.13583790866205
2104,84.65379052956021
2105,11.306259867509905
2106,19.20716592864181
2107,18.210726046967185
2108,63.5166272718302
2109,17.323886296134905
2110,32.16523711631329
2111,61.28854638727205
2112,5.308360837593373
2113,19.13825157315412
2114,11.486159252313499
2115,39.778044032296876
2116,21.960639465110255
2117,61.81604366587311
2118,43.56112445744594
2119,47.85379566359214
2120,28.767897748979998
2121,52.10816509123293
2122,24.731263851022533
2123,81.20203492465598
2124,13.220233171362716
2125,82.0252300814171
2126,46.38030811299396
2127,59.207888340927404
2128,84.97286218997888
2129,23.130291392003045
2130,39.967980777454684
2131,69.16284567520428
2132,7.982388675385899
2133,20.900353487305313
2134,86.22143540495138
2135,40.99856821224838
2136,44.61147025503386
2137,46.72739493112692
2138,14.466343118267055
2139,18.475015690328178
2140,91.75163547988576
2141,98.36909627986006
2142,86.6558512738475
2143,20.562509341409797
2144,64.99268922533773
2145,74.23680450110157
2146,18.91674301070895
2147,3.3673696884835014
2148,82.44842115061849
2149,42.67791698166945
2150,75.84032741108757
2151,80.44240668547896
2152,37.44647809315068
2153,89.17383480599858
2154,87.84813166282207
2155,39.785696125003426
2156,13.858503720618797
2157,46.26623371918092
2158,44.54150536883588
2159,90.62307983233875
2160,53.57921577795829
2161,22.33993932245276
2162,39.970421777971666
2163,89.30378090146903
2164,70.69591709088817
2165,0.4377564009335311
2166,17.09954737494558
2167,89.25519838773765
2168,11.164848866662169
2169,98.41787275573004
2170,11.078536170747743
2171,42.181838600784005
2172,69.32319522803857
2173,46.329534967225385
2174,63.381333278690754
2175,97.33093352869601
2176,94.38697888545231
2177,18.426673413829363
2178,52.53092712608892
2179,55.89910831382829
2180,59.74734569529912
2181,67.93637482066543
2182,92.09100261063492
2183,98.25030783894573
2184,29.39289915454517
2185,73.31800794416765
2186,83.60101845104185
2187,34.634410828992834
2188,18.660635940536572
2189,43.45705688271987
2190,30.528713652256467
2191,78.73019513051477
2192,98.76947667187385
2193,99.22243410293419
2194,3.7136994406746004
2195,93.87273777875967
2196,55.4389715490339
2197,40.16893627764112
2198,73.75402271162238
2199,14.22475558820665
2200,5.514179806374164
2201,34.01575291743407
2202,40.742766844437206
2203,95.57329569633352
2204,60.10535770986719
2205,55.19992890930786
2206,55.04790675742866
2207,54.52842798523728
2208,53.90735351000716
2209,81.96745946097525
2210,92.4152333579525
2211,74.33363657564436
2212,71.4543858361094
2213,33.23062984989037
2214,32.026578804371596
2215,60.74802612898017
2216,51.61375428978363
2217,67.98343225579944
2218,66.95294564462542
2219,67.37785620763039
2220,63.65446913482151
2221,11.045814774960693
2222,65.83784028819738
2223,45.163013980619624
2224,83.48241783083337
2225,47.41958953892586
2226,32.40178171230074
2227,6.833369543753465
2228,73.5646455928333
2229,63.36558273041162
2230,72.28519151590353
2231,68.52160096574673
2232,51.58538493446295
2233,87.36451194480327
2234,30.6393600378961
2235,29.84630412075685
2236,57.841719811867385
2237,79.94509128227098
2238,69.88046454813627
2239,70.04236593654902
2240,82.80118091209604
2241,75.18130335213581
2242,53.01631487838174
2243,61.68639425238975
2244,79.17641421503478
2245,35.32239330526842
2246,84.17855947743898
2247,96.6388251340243
2248,48.144022985644355
2249,85.7469243193533
2250,39.0748338405143
2251,84.44953964213668
2252,94.85856849470636
2253,88.64067096023153
2254,59.4451948736573
2255,23.447147068662076
2256,42.097997559470414
2257,6.493064083529498
2258,15.370279235160101
2259,18.021212233654417
2260,2.4034115735534933
2261,25.101567696712333
2262,62.95943680183732
2263,87.69936666850123
2264,91.2438393915098
2265,89.20828614074449
2266,20.806998530590448
2267,8.565569885165692
2268,64.94949314653303
2269,90.63610907375144
2270,87.68699173970776
2271,18.376211057510083
2272,83.81543551371283
2273,57.98357735772156
2274,75.48749881960948
2275,10.329846088972817
2276,11.281150413457276
2277,21.059291421656823
2278,26.186962716590358
2279,96.26316223104564
2280,13.484899333070356
2281,67.60808646394517
2282,7.7733565815874766
2283,65.32026748002852
2284,89.2447438263274
2285,37.83740240143665
2286,71.9947855816367
2287,45.884842769587955
2288,56.23315915917597
2289,33.61605476526466
2290,30.464397888533167
2291,21.907483566817064
2292,5.003555372780399
2293,91.31455436248918
2294,17.489000602115613
2295,32.91292682864946
2296,59.32638760638459
2297,70.59676008314554
2298,67.72592161168424
2299,91.76836532471036
2300,35.13596613460361
2301,84.35552829848822
2302,13.644549669688544
2303,15.000576362110651
2304,85.64317293889697
2305,72.47482009725482
2306,21.888302222459078
2307,93.68978739241925
2308,93.79473494188336
2309,80.86885110708174
2310,47.15929981377457
2311,10.702850565771527
2312,0.6581223710502737
2313,96.37554331307695
2314,12.97480983848226
2315,78.9219629170669
2316,50.50129298318431
2317,0.3703847088345258
2318,44.001577139303194
2319,49.07289013436029
2320,27.5845658919035
2321,81.157203017199
2322,60.114020063627486
2323,9.639240621606348
2324,94.23945852662696
2325,91.50115826504853
2326,61.92215890548397
2327,63.56887963075339
2328,98.02146649821414
2329,33.089164645856094
2330,44.59783619848776
2331,36.843395856143424
2332,46.41242026128178
2333,99.86326005647605
2334,6.399188711409831
2335,76.04948241346828
2336,23.505805236923027
2337,7.004416467255781
2338,29.459240188158255
2339,14.400001801652584
2340,45.13605209802392
2341,6.147943434474367
2342,3.5136377932582064
2343,32.19471807523709
2344,28.651295220594797
2345,67.23782129541489
2346,23.48764230778384
2347,93.43548178398804
2348,42.38067898771802
2349,5.502585305739394
2350,92.24279291462099
2351,71.09952283795693
2352,86.74085909782092
2353,11.733008237004016
2354,16.697576485487133
2355,60.71532297413334
2356,62.38792268283979
2357,94.13012485233624
2358,4.733901494744064
2359,5.282371904945693
2360,92.27809223639625
2361,85.55022213242502
2362,76.19795514019197
2363,80.69678773311213
2364,80.36770761364103
2365,62.1313700830353
2366,15.863803992515379
2367,3.112906191630438
2368,54.999471148459925
2369,63.57217186349148
2370,40.581167165235456
2371,50.68357269631457
2372,73.49261254249517
2373,41.4688596428815
2374,41.732794653654935
2375,0.964399202651145
2376,18.651711701778527
2377,20.263164549074673
2378,96.84218113612636
2379,52.83120927228767
2380,15.600652093878587
2381,74.22079265925237
2382,69.0662103126614
2383,66.41600723963651
2384,97.39042357483336
2385,4.730405782685143
2386,42.24973671936208
2387,27.71658929422052
2388,91.42745741128739
2389,13.196512964934481
2390,92.35831587846016
2391,83.79334690854839
2392,90.83576087862643
2393,51.65736083509308
2394,48.73303786452943
2395,64.60508163300553
2396,87.84347164664702
2397,86.1566646022365
2398,31.7595329271222
2399,90.5032229998727
2400,46.43859414835953
2401,15.632940735609967
2402,32.290447218692634
2403,19.31609118193428
2404,72.8721389913029
2405,32.916650253432486
2406,95.73461637671927
2407,56.62965217888991
2408,40.05182966862467
2409,93.04940761293388
2410,31.641977119923105
2411,61.100349102985554
2412,96.25174556762806
2413,92.0538680059198
2414,15.942504461493478
2415,96.82680527062145
2416,69.5925549730994
2417,91.34323151630824
2418,69.08178648291235
2419,18.917690876062597
2420,0.8109447889892429
2421,45.24015754407182
2422,11.976683681460054
2423,65.15143825031522
2424,28.76040771489674
2425,86.83256320884531
2426,88.53371603874677
2427,18.186745046941034
2428,49.58706959159225
2429,70.74420097512309
2430,89.24575548880732
2431,51.87436119053276
2432,38.245186116494025
2433,44.966123158611424
2434,51.62845668389782
2435,18.209169850227614
2436,38.78181064816476
2437,20.011646026357855
2438,61.08721297232379
2439,84.65737702883293
2440,17.00695210168819
2441,14.675418281496988
2442,20.09740598809874
2443,5.833011275530453
2444,56.011450425613404
2445,19.586561622537523
2446,78.9121400539647
2447,73.20400732362154
2448,13.657936025020124
2449,8.189099633871333
2450,81.27561931628904
2451,31.543719491154388
2452,37.873098754527255
2453,11.865329238321543
2454,59.88163095243442
2455,96.16427034414316
2456,78.9940981090605
2457,23.831927613644822
2458,9.406867721539058
2459,60.94199201170139
2460,77.14020141722852
2461,55.238297702505136
2462,20.828071880556408
2463,1.3551653412851805
2464,25.072773926445493
2465,15.568400838894625
2466,2.633127616343056
2467,60.18203591714434
2468,78.55065873673006
2469,53.52759765257701
2470,96.38741048762131
2471,53.91031923448202
2472,50.411476077046416
2473,17.66120155915708
2474,75.80208931635097
2475,95.74079692205044
2476,6.510513113991035
2477,83.61361699095707
2478,97.10937973792697
2479,16.584401783855174
2480,45.97787267310619
2481,86.16708355726014
2482,62.08498679301637
2483,47.6113159972137
2484,66.480584224043
2485,59.57135762883454
2486,49.53259241269306
2487,57.390753827463556
2488,60.81482373304428
2489,11.168411794722477
2490,83.12586529325465
2491,56.49493039756168
2492,58.04258957259042
2493,30.554913380301084
2494,11.833605685879235
2495,32.93319294923837
2496,0.42584483498268044
2497,37.10135755400684
2498,60.78550285940941
2499,19.7935956957087
2500,47.23465877244978
2501,10.238139278830328
2502,3.5389295942282573
2503,23.968533537541383
2504,30.014467198592953
2505,28.26541167201745
2506,41.41254258645878
2507,71.71996025624868
2508,34.83081801815864
2509,49.20339038771476
2510,41.978422233074774
2511,97.69439701693786
2512,54.895321116655495
2513,48.858350417705886
2514,42.88273802636851
2515,54.094471944198965
2516,71.20776492001968
2517,84.81958263553099
2518,42.687714779782425
2519,43.64254549010913
2520,29.067854637544254
2521,59.64298404523861
2522,66.86835264880506
2523,72.99965090205187
2524,67.38543433471091
2525,19.20334106164212
2526,46.247170427149086
2527,12.278680427345812
2528,48.98556951349651
2529,71.60177267057905
2530,50.19665669844201
2531,82.81700356394019
2532,68.25971149512579
2533,63.03567390394613
2534,92.04661763643915
2535,82.8754530084821
2536,59.842335059989736
2537,2.6914666820313515
2538,27.797674193401
2539,28.916978999312683
2540,22.61628556110956
2541,16.07359509285049
2542,42.0017642524474
2543,3.3782441325416634
2544,88.1419820401032
2545,2.3287124929014857
2546,32.74821769686413
2547,18.46447784887323
2548,53.385717909539096
2549,28.569866413324142
2550,42.132546318374075
2551,4.12239642284411
2552,2.429599321500653
2553,43.19413660175567
2554,41.79247545312388
2555,28.33812513802555
2556,32.44825025351512
2557,83.38902165806272
2558,90.52662240034249
2559,70.0111728618592
2560,10.282548762840948
2561,69.85541219309107
2562,72.57640163850002
2563,26.286894101431834
2564,58.008529213949465
2565,82.12156627927943
2566,45.20106774226985
2567,24.904599382616265
2568,24.217526976738093
2569,45.88132897726521
2570,1.8884472872696012
2571,25.039234307310252
2572,56.42111753219644
2573,47.10429384216327
2574,91.24589356812972
2575,72.32443187217531
2576,73.32199378084053
2577,51.64374578535291
2578,97.88199799670876
2579,99.5731081539304
2580,70.79889602459642
2581,52.718002993259205
2582,25.668927052288694
2583,56.29587181990014
2584,87.01924478722512
2585,43.44015599118688
2586,15.138310672484423
2587,45.58632547717213
2588,59.281836386249054
2589,63.4685899333126
2590,40.61302584874251
2591,62.99052253848685
2592,62.240427931492206
2593,24.90063292307193
2594,5.028212148190003
2595,14.48049833576819
2596,55.24115895168349
2597,64.36191461931301
2598,22.90498541392363
2599,5.75657920956667
2600,59.242653506939
2601,75.07397510749063
2602,69.83201695588195
2603,19.33873856096281
2604,84.4936366627443
2605,16.193928681068392
2606,37.965978032605776
2607,8.239489986736348
2608,22.917261022400957
2609,32.4570068646849
2610,42.43993373553112
2611,14.557092651963954
2612,87.21395308298725
2613,82.05734592438577
2614,26.17579075838503
2615,38.36607463422082
2616,80.11130319671108
2617,14.304426938947968
2618,34.813068698486184
2619,91.83953526086196
2620,16.55512811808513
2621,71.98609562362755
2622,17.7831815457682
2623,21.738864769706712
2624,49.260425443211574
2625,13.969624696471472
2626,40.02429531229793
2627,83.4962080127132
2628,15.839239081607136
2629,52.67090288704968
2630,85.09453680017974
2631,48.859188828878416
2632,26.36499779458822
2633,68.05124497031812
2634,90.55951005759631
2635,41.07307614197006
2636,8.003592509034252
2637,69.77930346673182
2638,37.805381614890784
2639,15.771706429049036
2640,23.945479589096898
2641,12.758497310796724
2642,97.98514268681555
2643,90.51536318683645
2644,40.5177456162466
2645,59.61942237920484
2646,69.43233855751375
2647,80.72683436033576
2648,52.661747967869246
2649,81.8247816314351
2650,68.77727804553089
2651,23.184469968527356
2652,44.56081146504965
2653,27.13292275165783
2654,6.551163180541087
2655,93.10167839999383
2656,85.94219739794598
2657,4.352999858435592
2658,59.835572208983415
2659,10.444251010233286
2660,28.678287185430797
2661,98.98719653240565
2662,40.889854851038045
2663,23.798477052287826
2664,96.51057134805608
2665,19.258700372189953
2666,55.17841380322187
2667,35.25213654829661
2668,61.113272121814866
2669,38.36292515187279
2670,65.47463831285899
2671,62.961619747745154
2672,20.896260279508184
2673,45.73085409231324
2674,22.440793530116
2675,55.30164590607735
2676,52.63661212563975
2677,80.08138494142061
2678,9.55924494364192
2679,22.23976416957344
2680,57.37513744164756
2681,96.4322968880077
2682,95.43054245086903
2683,36.862444123186364
2684,14.28035227991391
2685,88.08497750430182
2686,57.41175159004172
2687,46.01059352992092
2688,66.94201806226926
2689,51.123806650199896
2690,73.35340375752672
2691,99.90838924522876
2692,64.52574085463739
2693,77.57939832164496
2694,67.71223883976461
2695,59.016086016649524
2696,94.54607013768323
2697,30.104439569668717
2698,50.52903128664935
2699,6.9861050201229125
2700,81.08963795684522
2701,93.11677552333978
2702,52.7576590164024
2703,0.707987790081821
2704,35.38241099018349
2705,75.20054297424657
2706,51.31328934482331
2707,85.2588634969404
2708,3.9718140726914153
2709,50.481316777514266
2710,13.118435301101805
2711,18.646144410242737
2712,96.51555127021635
2713,58.31239168902932
2714,21.820806851291184
2715,93.16819081421559
2716,90.59242516755008
2717,27.37452062129664
2718,24.89142254407688
2719,27.61050764653752
2720,4.059399508205564
2721,0.15827387236827528
2722,3.7535388769524447
2723,30.831214087897973
2724,32.08798454412798
2725,94.95710389055954
2726,28.28264244249604
2727,50.96358965820224
2728,24.977170209528822
2729,82.57386144844192
2730,39.492740138655634
2731,53.113494009481464
2732,77.3410664946096
2733,73.98342123200857
2734,14.282725013775599
2735,90.5612556757193
2736,46.82604716713497
2737,77.93943465955095
2738,52.960493991469804
